date,open,high,low,close,volume,amount
2020-01-02,15.58236879,15.58236879,15.58236879,15.58236879,0,0
2020-01-03,15.58236879,15.54031548,15.54031548,15.54031548,0,0
2020-01-06,15.54031548,15.61795236,15.61795236,15.61795236,0,0
2020-01-07,15.61795236,15.54355035,15.54355035,15.54355035,0,0
2020-01-08,15.54355035,15.29446536,15.29446536,15.29446536,0,0
2020-01-09,15.29446536,15.41415555,15.41415555,15.41415555,0,0
2020-01-10,15.41415555,15.17801004,15.17801004,15.17801004,0,0
2020-01-13,15.17801004,16.69516407,16.69516407,16.69516407,0,0
2020-01-14,16.69516407,17.28714528,17.28714528,17.28714528,0,0
2020-01-15,17.28714528,17.24509197,17.24509197,17.24509197,0,0
2020-01-16,17.24509197,17.49741183,17.49741183,17.49741183,0,0
2020-01-17,17.49741183,18.74607165,18.74607165,18.74607165,0,0
2020-01-20,18.74607165,19.00809612,19.00809612,19.00809612,0,0
2020-01-21,19.00809612,18.34818264,18.34818264,18.34818264,0,0
2020-01-22,18.34818264,19.17307449,19.17307449,19.17307449,0,0
2020-01-23,19.17307449,19.35422721,19.35422721,19.35422721,0,0
2020-02-03,19.35422721,17.41977495,17.41977495,17.41977495,0,0
2020-02-04,17.41977495,18.23172732,18.23172732,18.23172732,0,0
2020-02-05,18.23172732,19.67124447,19.67124447,19.67124447,0,0
2020-02-06,19.67124447,19.65183525,19.65183525,19.65183525,0,0
2020-02-07,19.65183525,18.7298973,18.7298973,18.7298973,0,0
2020-02-10,18.7298973,19.71006291,19.71006291,19.71006291,0,0
2020-02-11,19.71006291,19.09867248,19.09867248,19.09867248,0,0
2020-02-12,19.09867248,19.14719553,19.14719553,19.14719553,0,0
2020-02-13,19.14719553,18.61667685,18.61667685,18.61667685,0,0
2020-02-14,18.61667685,18.4064103,18.4064103,18.4064103,0,0
2020-02-17,18.4064103,18.91751976,18.91751976,18.91751976,0,0
2020-02-18,18.91751976,19.23777189,19.23777189,19.23777189,0,0
2020-02-19,19.23777189,20.02708017,20.02708017,20.02708017,0,0
2020-02-20,20.02708017,22.0294647,22.0294647,22.0294647,0,0
2020-02-21,22.0294647,21.8353725,21.8353725,21.8353725,0,0
2020-02-24,21.8353725,21.4148394,21.4148394,21.4148394,0,0
2020-02-25,21.4148394,22.91905395,22.91905395,22.91905395,0,0
2020-02-26,22.91905395,23.1940179,23.1940179,23.1940179,0,0
2020-02-27,23.1940179,22.66026435,22.66026435,22.66026435,0,0
2020-02-28,22.66026435,21.14634519,21.14634519,21.14634519,0,0
2020-03-02,21.14634519,21.62510595,21.62510595,21.62510595,0,0
2020-03-03,21.62510595,21.95506269,21.95506269,21.95506269,0,0
2020-03-04,21.95506269,21.53776446,21.53776446,21.53776446,0,0
2020-03-05,21.53776446,21.61216647,21.61216647,21.61216647,0,0
2020-03-06,21.61216647,21.14311032,21.14311032,21.14311032,0,0
2020-03-09,21.14311032,19.23130215,19.23130215,19.23130215,0,0
2020-03-10,19.23130215,19.46421279,19.46421279,19.46421279,0,0
2020-03-11,19.46421279,19.00486125,19.00486125,19.00486125,0,0
2020-03-12,19.00486125,18.44846361,18.44846361,18.44846361,0,0
2020-03-13,18.44846361,18.00528642,18.00528642,18.00528642,0,0
2020-03-16,18.00528642,17.42947956,17.42947956,17.42947956,0,0
2020-03-17,17.42947956,17.15775048,17.15775048,17.15775048,0,0
2020-03-18,17.15775048,16.85043783,16.85043783,16.85043783,0,0
2020-03-19,16.85043783,16.61429232,16.61429232,16.61429232,0,0
2020-03-20,16.61429232,16.98953724,16.98953724,16.98953724,0,0
2020-03-23,16.98953724,15.57589905,15.57589905,15.57589905,0,0
2020-03-24,15.57589905,16.08700851,16.08700851,16.08700851,0,0
2020-03-25,16.08700851,16.90219575,16.90219575,16.90219575,0,0
2020-03-26,16.90219575,17.55563949,17.55563949,17.55563949,0,0
2020-03-27,17.55563949,17.72061786,17.72061786,17.72061786,0,0
2020-03-30,17.72061786,18.18967401,18.18967401,18.18967401,0,0
2020-03-31,18.18967401,19.39951539,19.39951539,19.39951539,0,0
2020-04-01,19.39951539,18.47757744,18.47757744,18.47757744,0,0
2020-04-02,18.47757744,18.30612933,18.30612933,18.30612933,0,0
2020-04-03,18.30612933,17.791785,17.791785,17.791785,0,0
2020-04-07,17.791785,18.21555297,18.21555297,18.21555297,0,0
2020-04-08,18.21555297,17.89530084,17.89530084,17.89530084,0,0
2020-04-09,17.89530084,18.00205155,18.00205155,18.00205155,0,0
2020-04-10,18.00205155,17.65268559,17.65268559,17.65268559,0,0
2020-04-13,17.65268559,18.0505746,18.0505746,18.0505746,0,0
2020-04-14,18.0505746,18.73636704,18.73636704,18.73636704,0,0
2020-04-15,18.73636704,19.45450818,19.45450818,19.45450818,0,0
2020-04-16,19.45450818,19.41245487,19.41245487,19.41245487,0,0
2020-04-17,19.41245487,19.0210356,19.0210356,19.0210356,0,0
2020-04-20,19.0210356,19.04044482,19.04044482,19.04044482,0,0
2020-04-21,19.04044482,19.20542319,19.20542319,19.20542319,0,0
2020-04-22,19.20542319,19.22483241,19.22483241,19.22483241,0,0
2020-04-23,19.22483241,18.84311775,18.84311775,18.84311775,0,0
2020-04-24,18.84311775,18.99839151,18.99839151,18.99839151,0,0
2020-04-27,18.99839151,18.43228926,18.43228926,18.43228926,0,0
2020-04-28,18.43228926,18.43228926,18.43228926,18.43228926,0,0
2020-04-29,18.43228926,18.762246,18.762246,18.762246,0,0
2020-04-30,18.762246,19.39628052,19.39628052,19.39628052,0,0
2020-05-06,19.39628052,20.11442166,20.11442166,20.11442166,0,0
2020-05-07,20.11442166,19.43833383,19.43833383,19.43833383,0,0
2020-05-08,19.43833383,19.33805286,19.33805286,19.33805286,0,0
2020-05-11,19.33805286,19.04691456,19.04691456,19.04691456,0,0
2020-05-12,19.04691456,19.12778631,19.12778631,19.12778631,0,0
2020-05-13,19.12778631,19.08249813,19.08249813,19.08249813,0,0
2020-05-14,19.08249813,18.66196503,18.66196503,18.66196503,0,0
2020-05-15,18.66196503,18.74930652,18.74930652,18.74930652,0,0
2020-05-18,18.74930652,18.49698666,18.49698666,18.49698666,0,0
2020-05-19,18.49698666,18.83341314,18.83341314,18.83341314,0,0
2020-05-20,18.83341314,19.08896787,19.08896787,19.08896787,0,0
2020-05-21,19.08896787,18.48728205,18.48728205,18.48728205,0,0
2020-05-22,18.48728205,18.12497661,18.12497661,18.12497661,0,0
2020-05-25,18.12497661,18.28348524,18.28348524,18.28348524,0,0
2020-05-26,18.28348524,18.8592921,18.8592921,18.8592921,0,0
2020-05-27,18.8592921,18.5358051,18.5358051,18.5358051,0,0
2020-05-28,18.5358051,18.59403276,18.59403276,18.59403276,0,0
2020-05-29,18.59403276,18.57138867,18.57138867,18.57138867,0,0
2020-06-01,18.57138867,19.19248371,19.19248371,19.19248371,0,0
2020-06-02,19.19248371,19.732707,19.732707,19.732707,0,0
2020-06-03,19.732707,19.38657591,19.38657591,19.38657591,0,0
2020-06-04,19.38657591,19.44480357,19.44480357,19.44480357,0,0
2020-06-05,19.44480357,20.4443784,20.4443784,20.4443784,0,0
2020-06-08,20.4443784,20.31174873,20.31174873,20.31174873,0,0
2020-06-09,20.31174873,20.04972426,20.04972426,20.04972426,0,0
2020-06-10,20.04972426,19.74888135,19.74888135,19.74888135,0,0
2020-06-11,19.74888135,20.32792308,20.32792308,20.32792308,0,0
2020-06-12,20.32792308,19.88798076,19.88798076,19.88798076,0,0
2020-06-15,19.88798076,20.2179375,20.2179375,20.2179375,0,0
2020-06-16,20.2179375,20.7355167,20.7355167,20.7355167,0,0
2020-06-17,20.7355167,20.73875157,20.73875157,20.73875157,0,0
2020-06-18,20.73875157,21.58952238,21.58952238,21.58952238,0,0
2020-06-19,21.58952238,21.67039413,21.67039413,21.67039413,0,0
2020-06-22,21.67039413,21.997116,21.997116,21.997116,0,0
2020-06-23,21.997116,22.97728161,22.97728161,22.97728161,0,0
2020-06-24,22.97728161,23.1940179,23.1940179,23.1940179,0,0
2020-06-29,23.1940179,22.8381822,22.8381822,22.8381822,0,0
2020-06-30,22.8381822,23.2263666,23.2263666,23.2263666,0,0
2020-07-01,23.2263666,23.44310289,23.44310289,23.44310289,0,0
2020-07-02,23.44310289,23.33635218,23.33635218,23.33635218,0,0
2020-07-03,23.33635218,25.66869345,25.66869345,25.66869345,0,0
2020-07-06,25.66869345,26.1700983,26.1700983,26.1700983,0,0
2020-07-07,26.1700983,26.849421,26.849421,26.849421,0,0
2020-07-08,26.849421,26.76854925,26.76854925,26.76854925,0,0
2020-07-09,26.76854925,27.32171202,27.32171202,27.32171202,0,0
2020-07-10,27.32171202,28.790343,28.790343,28.790343,0,0
2020-07-13,28.790343,31.6693773,31.6693773,31.6693773,0,0
2020-07-14,31.6693773,31.23266985,31.23266985,31.23266985,0,0
2020-07-15,31.23266985,30.5695215,30.5695215,30.5695215,0,0
2020-07-16,30.5695215,27.51256935,27.51256935,27.51256935,0,0
2020-07-17,27.51256935,26.39330433,26.39330433,26.39330433,0,0
2020-07-20,26.39330433,28.19836179,28.19836179,28.19836179,0,0
2020-07-21,28.19836179,28.49596983,28.49596983,28.49596983,0,0
2020-07-22,28.49596983,28.20483153,28.20483153,28.20483153,0,0
2020-07-23,28.20483153,28.78710813,28.78710813,28.78710813,0,0
2020-07-24,28.78710813,26.849421,26.849421,26.849421,0,0
2020-07-27,26.849421,27.01763424,27.01763424,27.01763424,0,0
2020-07-28,27.01763424,27.14379417,27.14379417,27.14379417,0,0
2020-07-29,27.14379417,28.12072491,28.12072491,28.12072491,0,0
2020-07-30,28.12072491,27.496395,27.496395,27.496395,0,0
2020-07-31,27.496395,27.62255493,27.62255493,27.62255493,0,0
2020-08-03,27.62255493,27.87487479,27.87487479,27.87487479,0,0
2020-08-04,27.87487479,28.790343,28.790343,28.790343,0,0
2020-08-05,28.790343,28.51537905,28.51537905,28.51537905,0,0
2020-08-06,28.51537905,28.70300151,28.70300151,28.70300151,0,0
2020-08-07,28.70300151,27.61932006,27.61932006,27.61932006,0,0
2020-08-10,27.61932006,26.51946426,26.51946426,26.51946426,0,0
2020-08-11,26.51946426,26.202447,26.202447,26.202447,0,0
2020-08-12,26.202447,26.51946426,26.51946426,26.51946426,0,0
2020-08-13,26.51946426,26.4612366,26.4612366,26.4612366,0,0
2020-08-14,26.4612366,26.50328991,26.50328991,26.50328991,0,0
2020-08-17,26.50328991,26.82354204,26.82354204,26.82354204,0,0
2020-08-18,26.82354204,26.60347396,26.60347396,26.60347396,0,0
2020-08-19,26.60347396,25.7844573,25.7844573,25.7844573,0,0
2020-08-20,25.7844573,25.4283631,25.4283631,25.4283631,0,0
2020-08-21,25.4283631,25.76179676,25.76179676,25.76179676,0,0
2020-08-24,25.76179676,26.36391968,26.36391968,26.36391968,0,0
2020-08-25,26.36391968,26.29917528,26.29917528,26.29917528,0,0
2020-08-26,26.29917528,27.00488924,27.00488924,27.00488924,0,0
2020-08-27,27.00488924,27.65233324,27.65233324,27.65233324,0,0
2020-08-28,27.65233324,27.64262158,27.64262158,27.64262158,0,0
2020-08-31,27.64262158,27.51637,27.51637,27.51637,0,0
2020-09-01,27.51637,30.268007,30.268007,30.268007,0,0
2020-09-02,30.268007,30.5269846,30.5269846,30.5269846,0,0
2020-09-03,30.5269846,29.97341998,29.97341998,29.97341998,0,0
2020-09-04,29.97341998,29.13498,29.13498,29.13498,0,0
2020-09-07,29.13498,30.66942228,30.66942228,30.66942228,0,0
2020-09-08,30.66942228,29.458702,29.458702,29.458702,0,0
2020-09-09,29.458702,27.83685478,27.83685478,27.83685478,0,0
2020-09-10,27.83685478,28.19294898,28.19294898,28.19294898,0,0
2020-09-11,28.19294898,29.5234464,29.5234464,29.5234464,0,0
2020-09-14,29.5234464,29.944285,29.944285,29.944285,0,0
2020-09-15,29.944285,32.7930386,32.7930386,32.7930386,0,0
2020-09-16,32.7930386,34.1202988,34.1202988,34.1202988,0,0
2020-09-17,34.1202988,37.53232868,37.53232868,37.53232868,0,0
2020-09-18,37.53232868,37.389891,37.389891,37.389891,0,0
2020-09-21,37.389891,34.24007594,34.24007594,34.24007594,0,0
2020-09-22,34.24007594,34.56379794,34.56379794,34.56379794,0,0
2020-09-23,34.56379794,35.7389088,35.7389088,35.7389088,0,0
2020-09-24,35.7389088,34.4440208,34.4440208,34.4440208,0,0
2020-09-25,34.4440208,34.01994498,34.01994498,34.01994498,0,0
2020-09-28,34.01994498,34.4440208,34.4440208,34.4440208,0,0
2020-09-29,34.4440208,34.92636658,34.92636658,34.92636658,0,0
2020-09-30,34.92636658,37.62944528,37.62944528,37.62944528,0,0
2020-10-09,37.62944528,38.9599427,38.9599427,38.9599427,0,0
2020-10-12,38.9599427,41.598277,41.598277,41.598277,0,0
2020-10-13,41.598277,41.85401738,41.85401738,41.85401738,0,0
2020-10-14,41.85401738,42.245721,42.245721,42.245721,0,0
2020-10-15,42.245721,42.5856291,42.5856291,42.5856291,0,0
2020-10-16,42.5856291,41.3716716,41.3716716,41.3716716,0,0
2020-10-19,41.3716716,41.46231376,41.46231376,41.46231376,0,0
2020-10-20,41.46231376,45.32108,45.32108,45.32108,0,0
2020-10-21,45.32108,44.511775,44.511775,44.511775,0,0
2020-10-22,44.511775,46.54798638,46.54798638,46.54798638,0,0
2020-10-23,46.54798638,44.89052974,44.89052974,44.89052974,0,0
2020-10-26,44.89052974,45.30813112,45.30813112,45.30813112,0,0
2020-10-27,45.30813112,45.41172216,45.41172216,45.41172216,0,0
2020-10-28,45.41172216,49.0762552,49.0762552,49.0762552,0,0
2020-10-29,49.0762552,51.27109036,51.27109036,51.27109036,0,0
2020-10-30,51.27109036,51.73401282,51.73401282,51.73401282,0,0
2020-11-02,51.73401282,54.37882156,54.37882156,54.37882156,0,0
2020-11-03,54.37882156,53.11630576,53.11630576,53.11630576,0,0
2020-11-04,53.11630576,54.39500766,54.39500766,54.39500766,0,0
2020-11-05,54.39500766,59.83353726,59.83353726,59.83353726,0,0
2020-11-06,59.83353726,61.64961768,61.64961768,61.64961768,0,0
2020-11-09,61.64961768,61.8147159,61.8147159,61.8147159,0,0
2020-11-10,61.8147159,59.10516276,59.10516276,59.10516276,0,0
2020-11-11,59.10516276,53.2037107,53.2037107,53.2037107,0,0
2020-11-12,53.2037107,54.81584626,54.81584626,54.81584626,0,0
2020-11-13,54.81584626,56.9426998,56.9426998,56.9426998,0,0
2020-11-16,56.9426998,55.03921444,55.03921444,55.03921444,0,0
2020-11-17,55.03921444,54.061574,54.061574,54.061574,0,0
2020-11-18,54.061574,54.061574,54.061574,54.061574,0,0
2020-11-19,54.061574,52.31994964,52.31994964,52.31994964,0,0
2020-11-20,52.31994964,56.99449532,56.99449532,56.99449532,0,0
2020-11-23,56.99449532,59.6295924,59.6295924,59.6295924,0,0
2020-11-24,59.6295924,59.62635518,59.62635518,59.62635518,0,0
2020-11-25,59.62635518,59.41269866,59.41269866,59.41269866,0,0
2020-11-26,59.41269866,56.91680204,56.91680204,56.91680204,0,0
2020-11-27,56.91680204,56.3600002,56.3600002,56.3600002,0,0
2020-11-30,56.3600002,55.7287423,55.7287423,55.7287423,0,0
2020-12-01,55.7287423,57.23728682,57.23728682,57.23728682,0,0
2020-12-02,57.23728682,54.9518095,54.9518095,54.9518095,0,0
2020-12-03,54.9518095,55.38559698,55.38559698,55.38559698,0,0
2020-12-04,55.38559698,55.63486292,55.63486292,55.63486292,0,0
2020-12-07,55.63486292,56.74522938,56.74522938,56.74522938,0,0
2020-12-08,56.74522938,57.61280434,57.61280434,57.61280434,0,0
2020-12-09,57.61280434,56.08159928,56.08159928,56.08159928,0,0
2020-12-10,56.08159928,54.87735344,54.87735344,54.87735344,0,0
2020-12-11,54.87735344,54.061574,54.061574,54.061574,0,0
2020-12-14,54.061574,55.0974844,55.0974844,55.0974844,0,0
2020-12-15,55.0974844,56.5542334,56.5542334,56.5542334,0,0
2020-12-16,56.5542334,55.63810014,55.63810014,55.63810014,0,0
2020-12-17,55.63810014,55.61220238,55.61220238,55.61220238,0,0
2020-12-18,55.61220238,56.975072,56.975072,56.975072,0,0
2020-12-21,56.975072,62.6725792,62.6725792,62.6725792,0,0
2020-12-22,62.6725792,59.564848,59.564848,59.564848,0,0
2020-12-23,59.564848,60.46803238,60.46803238,60.46803238,0,0
2020-12-24,60.46803238,59.241126,59.241126,59.241126,0,0
2020-12-25,59.241126,59.95978884,59.95978884,59.95978884,0,0
2020-12-28,59.95978884,60.83707546,60.83707546,60.83707546,0,0
2020-12-29,60.83707546,57.8167492,57.8167492,57.8167492,0,0
2020-12-30,57.8167492,60.212292,60.212292,60.212292,0,0
2020-12-31,60.212292,62.8991846,62.8991846,62.8991846,0,0
2021-01-04,62.8991846,66.93276072,66.93276072,66.93276072,0,0
2021-01-05,66.93276072,71.1864678,71.1864678,71.1864678,0,0
2021-01-06,71.1864678,70.0210686,70.0210686,70.0210686,0,0
2021-01-07,70.0210686,72.85039888,72.85039888,72.85039888,0,0
2021-01-08,72.85039888,73.64999222,73.64999222,73.64999222,0,0
2021-01-11,73.64999222,76.02934892,76.02934892,76.02934892,0,0
2021-01-12,76.02934892,76.71887678,76.71887678,76.71887678,0,0
2021-01-13,76.71887678,77.4666746,77.4666746,77.4666746,0,0
2021-01-14,77.4666746,72.4975419,72.4975419,72.4975419,0,0
2021-01-15,72.4975419,72.9021944,72.9021944,72.9021944,0,0
2021-01-18,72.9021944,71.76593018,71.76593018,71.76593018,0,0
2021-01-19,71.76593018,69.9886964,69.9886964,69.9886964,0,0
2021-01-20,69.9886964,71.866284,71.866284,71.866284,0,0
2021-01-21,71.866284,76.24300544,76.24300544,76.24300544,0,0
2021-01-22,76.24300544,78.63854824,78.63854824,78.63854824,0,0
2021-01-25,78.63854824,84.16772,84.16772,84.16772,0,0
2021-01-26,84.16772,82.29660684,82.29660684,82.29660684,0,0
2021-01-27,82.29660684,83.196554,83.196554,83.196554,0,0
2021-01-28,83.196554,79.10470792,79.10470792,79.10470792,0,0
2021-01-29,79.10470792,79.959334,79.959334,79.959334,0,0
2021-02-01,79.959334,79.92372458,79.92372458,79.92372458,0,0
2021-02-02,79.92372458,86.595635,86.595635,86.595635,0,0
2021-02-03,86.595635,85.138886,85.138886,85.138886,0,0
2021-02-04,85.138886,84.1353478,84.1353478,84.1353478,0,0
2021-02-05,84.1353478,80.606778,80.606778,80.606778,0,0
2021-02-08,80.606778,80.9952444,80.9952444,80.9952444,0,0
2021-02-09,80.9952444,83.196554,83.196554,83.196554,0,0
2021-02-10,83.196554,86.4175879,86.4175879,86.4175879,0,0
2021-02-18,86.4175879,83.84076078,83.84076078,83.84076078,0,0
2021-02-19,83.84076078,83.3098567,83.3098567,83.3098567,0,0
2021-02-22,83.3098567,77.53789344,77.53789344,77.53789344,0,0
2021-02-23,77.53789344,72.83745,72.83745,72.83745,0,0
2021-02-24,72.83745,67.65466078,67.65466078,67.65466078,0,0
2021-02-25,67.65466078,67.7388285,67.7388285,67.7388285,0,0
2021-02-26,67.7388285,63.86063894,63.86063894,63.86063894,0,0
2021-03-01,63.86063894,68.2729698,68.2729698,68.2729698,0,0
2021-03-02,68.2729698,68.4348308,68.4348308,68.4348308,0,0
2021-03-03,68.4348308,67.9006895,67.9006895,67.9006895,0,0
2021-03-04,67.9006895,64.258817,64.258817,64.258817,0,0
2021-03-05,64.258817,63.56928914,63.56928914,63.56928914,0,0
2021-03-08,63.56928914,57.21138906,57.21138906,57.21138906,0,0
2021-03-09,57.21138906,55.25287096,55.25287096,55.25287096,0,0
2021-03-10,55.25287096,57.36030118,57.36030118,57.36030118,0,0
2021-03-11,57.36030118,59.23141434,59.23141434,59.23141434,0,0
2021-03-12,59.23141434,58.81381296,58.81381296,58.81381296,0,0
2021-03-15,58.81381296,56.41179572,56.41179572,56.41179572,0,0
2021-03-16,56.41179572,57.12722134,57.12722134,57.12722134,0,0
2021-03-17,57.12722134,57.25994736,57.25994736,57.25994736,0,0
2021-03-18,57.25994736,57.8005631,57.8005631,57.8005631,0,0
2021-03-19,57.8005631,55.4050203,55.4050203,55.4050203,0,0
2021-03-22,55.4050203,56.2628836,56.2628836,56.2628836,0,0
2021-03-23,56.2628836,54.69930634,54.69930634,54.69930634,0,0
2021-03-24,54.69930634,52.68251828,52.68251828,52.68251828,0,0
2021-03-25,52.68251828,52.1839864,52.1839864,52.1839864,0,0
2021-03-26,52.1839864,55.35322478,55.35322478,55.35322478,0,0
2021-03-29,55.35322478,54.4176682,54.4176682,54.4176682,0,0
2021-03-30,54.4176682,54.709018,54.709018,54.709018,0,0
2021-03-31,54.709018,53.25550622,53.25550622,53.25550622,0,0
2021-04-01,53.25550622,54.73167854,54.73167854,54.73167854,0,0
2021-04-02,54.73167854,56.93298814,56.93298814,56.93298814,0,0
2021-04-06,56.93298814,57.00420698,57.00420698,57.00420698,0,0
2021-04-07,57.00420698,55.35322478,55.35322478,55.35322478,0,0
2021-04-08,55.35322478,55.18812656,55.18812656,55.18812656,0,0
2021-04-09,55.18812656,53.97093184,53.97093184,53.97093184,0,0
2021-04-12,53.97093184,52.91559812,52.91559812,52.91559812,0,0
2021-04-13,52.91559812,53.09364522,53.09364522,53.09364522,0,0
2021-04-14,53.09364522,55.3402759,55.3402759,55.3402759,0,0
2021-04-15,55.3402759,53.575991,53.575991,53.575991,0,0
2021-04-16,53.575991,53.5112466,53.5112466,53.5112466,0,0
2021-04-19,53.5112466,56.9912581,56.9912581,56.9912581,0,0
2021-04-20,56.9912581,55.43415528,55.43415528,55.43415528,0,0
2021-04-21,55.43415528,54.57629198,54.57629198,54.57629198,0,0
2021-04-22,54.57629198,54.61513862,54.61513862,54.61513862,0,0
2021-04-23,54.61513862,54.7899485,54.7899485,54.7899485,0,0
2021-04-26,54.7899485,54.223435,54.223435,54.223435,0,0
2021-04-27,54.223435,53.39470668,53.39470668,53.39470668,0,0
2021-04-28,53.39470668,53.575991,53.575991,53.575991,0,0
2021-04-29,53.575991,52.7504999,52.7504999,52.7504999,0,0
2021-04-30,52.7504999,51.33259754,51.33259754,51.33259754,0,0
2021-05-06,51.33259754,48.5583,48.5583,48.5583,0,0
2021-05-07,48.5583,46.5997819,46.5997819,46.5997819,0,0
2021-05-10,46.5997819,47.587134,47.587134,47.587134,0,0
2021-05-11,47.587134,47.44469632,47.44469632,47.44469632,0,0
2021-05-12,47.44469632,49.76578306,49.76578306,49.76578306,0,0
2021-05-13,49.76578306,48.23134078,48.23134078,48.23134078,0,0
2021-05-14,48.23134078,49.70103866,49.70103866,49.70103866,0,0
2021-05-17,49.70103866,51.72430116,51.72430116,51.72430116,0,0
2021-05-18,51.72430116,51.3746814,51.3746814,51.3746814,0,0
2021-05-19,51.3746814,55.93268716,55.93268716,55.93268716,0,0
2021-05-20,55.93268716,55.98448268,55.98448268,55.98448268,0,0
2021-05-21,55.98448268,56.0686504,56.0686504,56.0686504,0,0
2021-05-24,56.0686504,56.15605534,56.15605534,56.15605534,0,0
2021-05-25,56.15605534,57.14340744,57.14340744,57.14340744,0,0
2021-05-26,57.14340744,57.03010474,57.03010474,57.03010474,0,0
2021-05-27,57.03010474,57.4444689,57.4444689,57.4444689,0,0
2021-05-28,57.4444689,58.81381296,58.81381296,58.81381296,0,0
2021-05-31,58.81381296,57.8491214,57.8491214,57.8491214,0,0
2021-06-01,57.8491214,61.33237012,61.33237012,61.33237012,0,0
2021-06-02,61.33237012,60.374153,60.374153,60.374153,0,0
2021-06-03,60.374153,59.5324758,59.5324758,59.5324758,0,0
2021-06-04,59.5324758,61.3129468,61.3129468,61.3129468,0,0
2021-06-07,61.3129468,61.6204827,61.6204827,61.6204827,0,0
2021-06-08,61.6204827,65.65405882,65.65405882,65.65405882,0,0
2021-06-09,65.65405882,65.391844,65.391844,65.391844,0,0
2021-06-10,65.391844,69.31211742,69.31211742,69.31211742,0,0
2021-06-11,69.31211742,73.49136844,73.49136844,73.49136844,0,0
2021-06-15,73.49136844,75.20709504,75.20709504,75.20709504,0,0
2021-06-16,75.20709504,68.305342,68.305342,68.305342,0,0
2021-06-17,68.305342,75.1358762,75.1358762,75.1358762,0,0
2021-06-18,75.1358762,79.31189,79.31189,79.31189,0,0
2021-06-21,79.31189,78.52848276,78.52848276,78.52848276,0,0
2021-06-22,78.52848276,77.00698936,77.00698936,77.00698936,0,0
2021-06-23,77.00698936,78.7615626,78.7615626,78.7615626,0,0
2021-06-24,78.7615626,79.27628058,79.27628058,79.27628058,0,0
2021-06-25,79.27628058,79.30865278,79.30865278,79.30865278,0,0
2021-06-28,79.30865278,82.10561086,82.10561086,82.10561086,0,0
2021-06-29,82.10561086,81.9987826,81.9987826,81.9987826,0,0
2021-06-30,81.9987826,81.254222,81.254222,81.254222,0,0
2021-07-01,81.254222,76.5926252,76.5926252,76.5926252,0,0
2021-07-02,76.5926252,77.38250688,77.38250688,77.38250688,0,0
2021-07-05,77.38250688,80.7848251,80.7848251,80.7848251,0,0
2021-07-06,80.7848251,81.092361,81.092361,81.092361,0,0
2021-07-07,81.092361,82.57824498,82.57824498,82.57824498,0,0
2021-07-08,82.57824498,81.56499512,81.56499512,81.56499512,0,0
2021-07-09,81.56499512,80.54850804,80.54850804,80.54850804,0,0
2021-07-12,80.54850804,86.26543856,86.26543856,86.26543856,0,0
2021-07-13,86.26543856,85.8187022,85.8187022,85.8187022,0,0
2021-07-14,85.8187022,79.40576938,79.40576938,79.40576938,0,0
2021-07-15,79.40576938,76.5278808,76.5278808,76.5278808,0,0
2021-07-16,76.5278808,72.16410824,72.16410824,72.16410824,0,0
2021-07-19,72.16410824,72.50401634,72.50401634,72.50401634,0,0
2021-07-20,72.50401634,73.646755,73.646755,73.646755,0,0
2021-07-21,73.646755,78.09145806,78.09145806,78.09145806,0,0
2021-07-22,78.09145806,80.59382912,80.59382912,80.59382912,0,0
2021-07-23,80.59382912,83.74040696,83.74040696,83.74040696,0,0
2021-07-26,83.74040696,80.4611031,80.4611031,80.4611031,0,0
2021-07-27,80.4611031,77.27567862,77.27567862,77.27567862,0,0
2021-07-28,77.27567862,76.560253,76.560253,76.560253,0,0
2021-07-29,76.560253,83.2612984,83.2612984,83.2612984,0,0
2021-07-30,83.2612984,85.69245062,85.69245062,85.69245062,0,0
2021-08-02,85.69245062,94.26137196,94.26137196,94.26137196,0,0
2021-08-03,94.26137196,90.66805776,90.66805776,90.66805776,0,0
2021-08-04,90.66805776,99.73551098,99.73551098,99.73551098,0,0
2021-08-05,99.73551098,96.94179012,96.94179012,96.94179012,0,0
2021-08-06,96.94179012,98.29231632,98.29231632,98.29231632,0,0
2021-08-09,98.29231632,95.0761482,95.0761482,95.0761482,0,0
2021-08-10,95.0761482,94.574128,94.574128,94.574128,0,0
2021-08-11,94.574128,95.54254116,95.54254116,95.54254116,0,0
2021-08-12,95.54254116,100.07367832,100.07367832,100.07367832,0,0
2021-08-13,100.07367832,97.17167768,97.17167768,97.17167768,0,0
2021-08-16,97.17167768,92.4364936,92.4364936,92.4364936,0,0
2021-08-17,92.4364936,90.78792404,90.78792404,90.78792404,0,0
2021-08-18,90.78792404,91.87293544,91.87293544,91.87293544,0,0
2021-08-19,91.87293544,95.13120848,95.13120848,95.13120848,0,0
2021-08-20,95.13120848,92.33608956,92.33608956,92.33608956,0,0
2021-08-23,92.33608956,93.8615832,93.8615832,93.8615832,0,0
2021-08-24,93.8615832,96.598403,96.598403,96.598403,0,0
2021-08-25,96.598403,95.9344408,95.9344408,95.9344408,0,0
2021-08-26,95.9344408,91.49723,91.49723,91.49723,0,0
2021-08-27,91.49723,93.3271746,93.3271746,93.3271746,0,0
2021-08-30,93.3271746,91.32557148,91.32557148,91.32557148,0,0
2021-08-31,91.32557148,89.715868,89.715868,89.715868,0,0
2021-09-01,89.715868,86.2503092,86.2503092,86.2503092,0,0
2021-09-02,86.2503092,86.477028,86.477028,86.477028,0,0
2021-09-03,86.477028,82.30216324,82.30216324,82.30216324,0,0
2021-09-06,82.30216324,89.9101984,89.9101984,89.9101984,0,0
2021-09-07,89.9101984,89.3757898,89.3757898,89.3757898,0,0
2021-09-08,89.3757898,87.31588756,87.31588756,87.31588756,0,0
2021-09-09,87.31588756,88.00252164,88.00252164,88.00252164,0,0
2021-09-10,88.00252164,86.02682924,86.02682924,86.02682924,0,0
2021-09-13,86.02682924,84.65032224,84.65032224,84.65032224,0,0
2021-09-14,84.65032224,87.19928932,87.19928932,87.19928932,0,0
2021-09-15,87.19928932,84.5823066,84.5823066,84.5823066,0,0
2021-09-16,84.5823066,81.294884,81.294884,81.294884,0,0
2021-09-17,81.294884,82.62928608,82.62928608,82.62928608,0,0
2021-09-22,82.62928608,80.0641248,80.0641248,80.0641248,0,0
2021-09-23,80.0641248,80.94508928,80.94508928,80.94508928,0,0
2021-09-24,80.94508928,81.54427468,81.54427468,81.54427468,0,0
2021-09-27,81.54427468,81.78071,81.78071,81.78071,0,0
2021-09-28,81.78071,79.95400424,79.95400424,79.95400424,0,0
2021-09-29,79.95400424,76.436624,76.436624,76.436624,0,0
2021-09-30,76.436624,80.81229684,80.81229684,80.81229684,0,0
2021-10-08,80.81229684,81.942652,81.942652,81.942652,0,0
2021-10-11,81.942652,82.833333,82.833333,82.833333,0,0
2021-10-12,82.833333,83.24142684,83.24142684,83.24142684,0,0
2021-10-13,83.24142684,87.8373408,87.8373408,87.8373408,0,0
2021-10-14,87.8373408,88.40089896,88.40089896,88.40089896,0,0
2021-10-15,88.40089896,91.76605372,91.76605372,91.76605372,0,0
2021-10-18,91.76605372,92.60491328,92.60491328,92.60491328,0,0
2021-10-19,92.60491328,92.23892436,92.23892436,92.23892436,0,0
2021-10-20,92.23892436,94.1206904,94.1206904,94.1206904,0,0
2021-10-21,94.1206904,92.95794684,92.95794684,92.95794684,0,0
2021-10-22,92.95794684,97.1652,97.1652,97.1652,0,0
2021-10-25,97.1652,102.7845874,102.7845874,102.7845874,0,0
2021-10-26,102.7845874,103.32223484,103.32223484,103.32223484,0,0
2021-10-27,103.32223484,104.20643816,104.20643816,104.20643816,0,0
2021-10-28,104.20643816,99.74979432,99.74979432,99.74979432,0,0
2021-10-29,99.74979432,100.82832804,100.82832804,100.82832804,0,0
2021-11-01,100.82832804,97.812968,97.812968,97.812968,0,0
2021-11-02,97.812968,101.66070992,101.66070992,101.66070992,0,0
2021-11-03,101.66070992,98.14009084,98.14009084,98.14009084,0,0
2021-11-04,98.14009084,105.2623,105.2623,105.2623,0,0
2021-11-05,105.2623,101.699576,101.699576,101.699576,0,0
2021-11-08,101.699576,102.02346,102.02346,102.02346,0,0
2021-11-09,102.02346,103.86635996,103.86635996,103.86635996,0,0
2021-11-10,103.86635996,100.48824984,100.48824984,100.48824984,0,0
2021-11-11,100.48824984,101.04856916,101.04856916,101.04856916,0,0
2021-11-12,101.04856916,99.36113352,99.36113352,99.36113352,0,0
2021-11-15,99.36113352,95.52634696,95.52634696,95.52634696,0,0
2021-11-16,95.52634696,95.06319284,95.06319284,95.06319284,0,0
2021-11-17,95.06319284,96.1449654,96.1449654,96.1449654,0,0
2021-11-18,96.1449654,95.6753336,95.6753336,95.6753336,0,0
2021-11-19,95.6753336,96.13524888,96.13524888,96.13524888,0,0
2021-11-22,96.13524888,100.727924,100.727924,100.727924,0,0
2021-11-23,100.727924,99.91173632,99.91173632,99.91173632,0,0
2021-11-24,99.91173632,98.2016288,98.2016288,98.2016288,0,0
2021-11-25,98.2016288,96.517432,96.517432,96.517432,0,0
2021-11-26,96.517432,96.40731144,96.40731144,96.40731144,0,0
2021-11-29,96.40731144,98.60972264,98.60972264,98.60972264,0,0
2021-11-30,98.60972264,98.6874548,98.6874548,98.6874548,0,0
2021-12-01,98.6874548,98.88826288,98.88826288,98.88826288,0,0
2021-12-02,98.88826288,100.0153792,100.0153792,100.0153792,0,0
2021-12-03,100.0153792,99.3999996,99.3999996,99.3999996,0,0
2021-12-06,99.3999996,97.731997,97.731997,97.731997,0,0
2021-12-07,97.731997,95.4810032,95.4810032,95.4810032,0,0
2021-12-08,95.4810032,97.42106836,97.42106836,97.42106836,0,0
2021-12-09,97.42106836,97.003258,97.003258,97.003258,0,0
2021-12-10,97.003258,97.62511528,97.62511528,97.62511528,0,0
2021-12-13,97.62511528,96.6469856,96.6469856,96.6469856,0,0
2021-12-14,96.6469856,95.0275656,95.0275656,95.0275656,0,0
2021-12-15,95.0275656,95.0113714,95.0113714,95.0113714,0,0
2021-12-16,95.0113714,92.6956008,92.6956008,92.6956008,0,0
2021-12-17,92.6956008,90.35715832,90.35715832,90.35715832,0,0
2021-12-20,90.35715832,87.610622,87.610622,87.610622,0,0
2021-12-21,87.610622,89.45999964,89.45999964,89.45999964,0,0
2021-12-22,89.45999964,90.43489048,90.43489048,90.43489048,0,0
2021-12-23,90.43489048,90.68428116,90.68428116,90.68428116,0,0
2021-12-24,90.68428116,87.44868,87.44868,87.44868,0,0
2021-12-27,87.44868,86.48674452,86.48674452,86.48674452,0,0
2021-12-28,86.48674452,87.7239814,87.7239814,87.7239814,0,0
2021-12-29,87.7239814,87.124796,87.124796,87.124796,0,0
2021-12-30,87.124796,86.51913292,86.51913292,86.51913292,0,0
2021-12-31,86.51913292,86.83977808,86.83977808,86.83977808,0,0
2022-01-04,86.83977808,87.772564,87.772564,87.772564,0,0
2022-01-05,87.772564,82.02686184,82.02686184,82.02686184,0,0
2022-01-06,82.02686184,80.97747768,80.97747768,80.97747768,0,0
2022-01-07,80.97747768,79.837406,79.837406,79.837406,0,0
2022-01-10,79.837406,79.7726292,79.7726292,79.7726292,0,0
2022-01-11,79.7726292,77.43742556,77.43742556,77.43742556,0,0
2022-01-12,77.43742556,82.914304,82.914304,82.914304,0,0
2022-01-13,82.914304,82.69082404,82.69082404,82.69082404,0,0
2022-01-14,82.69082404,81.98799576,81.98799576,81.98799576,0,0
2022-01-17,81.98799576,86.31184716,86.31184716,86.31184716,0,0
2022-01-18,86.31184716,86.17905472,86.17905472,86.17905472,0,0
2022-01-19,86.17905472,81.93293548,81.93293548,81.93293548,0,0
2022-01-20,81.93293548,81.31755588,81.31755588,81.31755588,0,0
2022-01-21,81.31755588,81.1005536,81.1005536,81.1005536,0,0
2022-01-24,81.1005536,81.4244376,81.4244376,81.4244376,0,0
2022-01-25,81.4244376,77.83256404,77.83256404,77.83256404,0,0
2022-01-26,77.83256404,80.80581916,80.80581916,80.80581916,0,0
2022-01-27,80.80581916,78.14349268,78.14349268,78.14349268,0,0
2022-01-28,78.14349268,73.4568912,73.4568912,73.4568912,0,0
2022-02-07,73.4568912,79.1572496,79.1572496,79.1572496,0,0
2022-02-08,79.1572496,76.75079148,76.75079148,76.75079148,0,0
2022-02-09,76.75079148,79.40987912,79.40987912,79.40987912,0,0
2022-02-10,79.40987912,77.77102608,77.77102608,77.77102608,0,0
2022-02-11,77.77102608,74.55485796,74.55485796,74.55485796,0,0
2022-02-14,74.55485796,75.13461032,75.13461032,75.13461032,0,0
2022-02-15,75.13461032,77.18479604,77.18479604,77.18479604,0,0
2022-02-16,77.18479604,77.9264904,77.9264904,77.9264904,0,0
2022-02-17,77.9264904,79.48437244,79.48437244,79.48437244,0,0
2022-02-18,79.48437244,78.69085664,78.69085664,78.69085664,0,0
2022-02-21,78.69085664,78.34430076,78.34430076,78.34430076,0,0
2022-02-22,78.34430076,76.9062558,76.9062558,76.9062558,0,0
2022-02-23,76.9062558,81.618768,81.618768,81.618768,0,0
2022-02-24,81.618768,79.30623624,79.30623624,79.30623624,0,0
2022-02-25,79.30623624,80.27141056,80.27141056,80.27141056,0,0
2022-02-28,80.27141056,80.8414464,80.8414464,80.8414464,0,0
2022-03-01,80.8414464,81.54751352,81.54751352,81.54751352,0,0
2022-03-02,81.54751352,80.5175624,80.5175624,80.5175624,0,0
2022-03-03,80.5175624,79.41959564,79.41959564,79.41959564,0,0
2022-03-04,79.41959564,75.7240792,75.7240792,75.7240792,0,0
2022-03-07,75.7240792,72.42370124,72.42370124,72.42370124,0,0
2022-03-08,72.42370124,70.02048196,70.02048196,70.02048196,0,0
2022-03-09,70.02048196,72.41722356,72.41722356,72.41722356,0,0
2022-03-10,72.41722356,74.2018244,74.2018244,74.2018244,0,0
2022-03-11,74.2018244,74.4447374,74.4447374,74.4447374,0,0
2022-03-14,74.4447374,70.930596,70.930596,70.930596,0,0
2022-03-15,70.930596,68.9225152,68.9225152,68.9225152,0,0
2022-03-16,68.9225152,74.30870612,74.30870612,74.30870612,0,0
2022-03-17,74.30870612,76.0803516,76.0803516,76.0803516,0,0
2022-03-18,76.0803516,75.950798,75.950798,75.950798,0,0
2022-03-21,75.950798,79.47465592,79.47465592,79.47465592,0,0
2022-03-22,79.47465592,79.2868032,79.2868032,79.2868032,0,0
2022-03-23,79.2868032,80.05440828,80.05440828,80.05440828,0,0
2022-03-24,80.05440828,80.02525872,80.02525872,80.02525872,0,0
2022-03-25,80.02525872,76.21314404,76.21314404,76.21314404,0,0
2022-03-28,76.21314404,74.6228736,74.6228736,74.6228736,0,0
2022-03-29,74.6228736,74.817204,74.817204,74.817204,0,0
2022-03-30,74.817204,76.76698568,76.76698568,76.76698568,0,0
2022-03-31,76.76698568,74.4285432,74.4285432,74.4285432,0,0
2022-04-01,74.4285432,76.42366864,76.42366864,76.42366864,0,0
2022-04-06,76.42366864,78.3475396,78.3475396,78.3475396,0,0
2022-04-07,78.3475396,77.73216,77.73216,77.73216,0,0
2022-04-08,77.73216,79.02121832,79.02121832,79.02121832,0,0
2022-04-11,79.02121832,75.464972,75.464972,75.464972,0,0
2022-04-12,75.464972,77.13621344,77.13621344,77.13621344,0,0
2022-04-13,77.13621344,76.760508,76.760508,76.760508,0,0
2022-04-14,76.760508,78.14997036,78.14997036,78.14997036,0,0
2022-04-15,78.14997036,76.5014008,76.5014008,76.5014008,0,0
2022-04-18,76.5014008,77.4406644,77.4406644,77.4406644,0,0
2022-04-19,77.4406644,79.30623624,79.30623624,79.30623624,0,0
2022-04-20,79.30623624,78.30867352,78.30867352,78.30867352,0,0
2022-04-21,78.30867352,75.80181136,75.80181136,75.80181136,0,0
2022-04-22,75.80181136,76.2422936,76.2422936,76.2422936,0,0
2022-04-25,76.2422936,73.68361,73.68361,73.68361,0,0
2022-04-26,73.68361,75.07955004,75.07955004,75.07955004,0,0
2022-04-27,75.07955004,76.11597884,76.11597884,76.11597884,0,0
2022-04-28,76.11597884,75.13461032,75.13461032,75.13461032,0,0
2022-04-29,75.13461032,78.703812,78.703812,78.703812,0,0
2022-05-05,78.703812,80.5823392,80.5823392,80.5823392,0,0
2022-05-06,80.5823392,78.40583872,78.40583872,78.40583872,0,0
2022-05-09,78.40583872,75.37752332,75.37752332,75.37752332,0,0
2022-05-10,75.37752332,75.57185372,75.57185372,75.57185372,0,0
2022-05-11,75.57185372,81.8454868,81.8454868,81.8454868,0,0
2022-05-12,81.8454868,82.29568556,82.29568556,82.29568556,0,0
2022-05-13,82.29568556,87.47459072,87.47459072,87.47459072,0,0
2022-05-16,87.47459072,86.51589408,86.51589408,86.51589408,0,0
2022-05-17,86.51589408,91.49723,91.49723,91.49723,0,0
2022-05-18,91.49723,91.14743528,91.14743528,91.14743528,0,0
2022-05-19,91.14743528,92.14823684,92.14823684,92.14823684,0,0
2022-05-20,92.14823684,93.1814268,93.1814268,93.1814268,0,0
2022-05-23,93.1814268,95.6105568,95.6105568,95.6105568,0,0
2022-05-24,95.6105568,91.011404,91.011404,91.011404,0,0
2022-05-25,91.011404,93.0194848,93.0194848,93.0194848,0,0
2022-05-26,93.0194848,92.83810976,92.83810976,92.83810976,0,0
2022-05-27,92.83810976,93.56360992,93.56360992,93.56360992,0,0
2022-05-30,93.56360992,96.55629808,96.55629808,96.55629808,0,0
2022-05-31,96.55629808,95.84051444,95.84051444,95.84051444,0,0
2022-06-01,95.84051444,97.15872232,97.15872232,97.15872232,0,0
2022-06-02,97.15872232,97.49556168,97.49556168,97.49556168,0,0
2022-06-06,97.49556168,103.06960532,103.06960532,103.06960532,0,0
2022-06-07,103.06960532,101.98783276,101.98783276,101.98783276,0,0
2022-06-08,101.98783276,106.04286044,106.04286044,106.04286044,0,0
2022-06-09,106.04286044,104.42344044,104.42344044,104.42344044,0,0
2022-06-10,104.42344044,112.9707392,112.9707392,112.9707392,0,0
2022-06-13,112.9707392,112.9707392,112.9707392,112.9707392,0,0
2022-06-14,112.9707392,111.28330356,111.28330356,111.28330356,0,0
2022-06-15,111.28330356,108.50114,108.50114,108.50114,0,0
2022-06-16,108.50114,108.825024,108.825024,108.825024,0,0
2022-06-17,108.825024,109.472792,109.472792,109.472792,0,0
2022-06-20,109.472792,110.82662712,110.82662712,110.82662712,0,0
2022-06-21,110.82662712,110.444444,110.444444,110.444444,0,0
2022-06-22,110.444444,110.08169392,110.08169392,110.08169392,0,0
2022-06-23,110.08169392,114.492994,114.492994,114.492994,0,0
2022-06-24,114.492994,113.6994782,113.6994782,113.6994782,0,0
2022-06-27,113.6994782,113.25899596,113.25899596,113.25899596,0,0
2022-06-28,113.25899596,114.2986636,114.2986636,114.2986636,0,0
2022-06-29,114.2986636,107.40317324,107.40317324,107.40317324,0,0
2022-06-30,107.40317324,108.01207516,108.01207516,108.01207516,0,0
2022-07-01,108.01207516,106.6226128,106.6226128,106.6226128,0,0
2022-07-04,106.6226128,108.87684544,108.87684544,108.87684544,0,0
2022-07-05,108.87684544,108.14162876,108.14162876,108.14162876,0,0
2022-07-06,108.14162876,108.8574124,108.8574124,108.8574124,0,0
2022-07-07,108.8574124,113.15859192,113.15859192,113.15859192,0,0
2022-07-08,113.15859192,109.472792,109.472792,109.472792,0,0
2022-07-11,109.472792,105.0355812,105.0355812,105.0355812,0,0
2022-07-12,105.0355812,100.080156,100.080156,100.080156,0,0
2022-07-13,100.080156,100.36517392,100.36517392,100.36517392,0,0
2022-07-14,100.36517392,104.614532,104.614532,104.614532,0,0
2022-07-15,104.614532,109.53432996,109.53432996,109.53432996,0,0
2022-07-18,109.53432996,109.1812964,109.1812964,109.1812964,0,0
2022-07-19,109.1812964,107.2379924,107.2379924,107.2379924,0,0
2022-07-20,107.2379924,107.4323228,107.4323228,107.4323228,0,0
2022-07-21,107.4323228,105.100358,105.100358,105.100358,0,0
2022-07-22,105.100358,106.75864408,106.75864408,106.75864408,0,0
2022-07-25,106.75864408,104.5983378,104.5983378,104.5983378,0,0
2022-07-26,104.5983378,105.2623,105.2623,105.2623,0,0
2022-07-27,105.2623,105.5214072,105.5214072,105.5214072,0,0
2022-07-28,105.5214072,105.40157012,105.40157012,105.40157012,0,0
2022-07-29,105.40157012,103.79119388,103.79119388,103.79119388,0,0
2022-08-01,103.79119388,107.08934082,107.08934082,107.08934082,0,0
2022-08-02,107.08934082,105.8128478,105.8128478,105.8128478,0,0
2022-08-03,105.8128478,104.31928617,104.31928617,104.31928617,0,0
2022-08-04,104.31928617,105.8776444,105.8776444,105.8776444,0,0
2022-08-05,105.8776444,105.12924367,105.12924367,105.12924367,0,0
2022-08-08,105.12924367,104.11193705,104.11193705,104.11193705,0,0
2022-08-09,104.11193705,103.58384476,103.58384476,103.58384476,0,0
2022-08-10,103.58384476,99.90015805,99.90015805,99.90015805,0,0
2022-08-11,99.90015805,102.06112466,102.06112466,102.06112466,0,0
2022-08-12,102.06112466,101.06001719,101.06001719,101.06001719,0,0
2022-08-15,101.06001719,102.12268143,102.12268143,102.12268143,0,0
2022-08-16,102.12268143,103.32465836,103.32465836,103.32465836,0,0
2022-08-17,103.32465836,106.24374519,106.24374519,106.24374519,0,0
2022-08-18,106.24374519,105.63141732,105.63141732,105.63141732,0,0
2022-08-19,105.63141732,103.47693037,103.47693037,103.47693037,0,0
2022-08-22,103.47693037,104.67566747,104.67566747,104.67566747,0,0
2022-08-23,104.67566747,104.19617263,104.19617263,104.19617263,0,0
2022-08-24,104.19617263,100.2727385,100.2727385,100.2727385,0,0
2022-08-25,100.2727385,100.29865714,100.29865714,100.29865714,0,0
2022-08-26,100.29865714,102.29115259,102.29115259,102.29115259,0,0
2022-08-29,102.29115259,101.58486965,101.58486965,101.58486965,0,0
2022-08-30,101.58486965,100.71011555,100.71011555,100.71011555,0,0
2022-08-31,100.71011555,93.30062434,93.30062434,93.30062434,0,0
2022-09-01,93.30062434,92.8859261,92.8859261,92.8859261,0,0
2022-09-02,92.8859261,91.363206,91.363206,91.363206,0,0
2022-09-05,91.363206,87.07367108,87.07367108,87.07367108,0,0
2022-09-06,87.07367108,88.42792002,88.42792002,88.42792002,0,0
2022-09-07,88.42792002,91.5899941,91.5899941,91.5899941,0,0
2022-09-08,91.5899941,90.15150958,90.15150958,90.15150958,0,0
2022-09-09,90.15150958,90.6180451,90.6180451,90.6180451,0,0
2022-09-13,90.6180451,92.2703584,92.2703584,92.2703584,0,0
2022-09-14,92.2703584,90.17418839,90.17418839,90.17418839,0,0
2022-09-15,90.17418839,87.3134185,87.3134185,87.3134185,0,0
2022-09-16,87.3134185,86.17299834,86.17299834,86.17299834,0,0
2022-09-19,86.17299834,87.58880405,87.58880405,87.58880405,0,0
2022-09-20,87.58880405,88.83937843,88.83937843,88.83937843,0,0
2022-09-21,88.83937843,87.47541,87.47541,87.47541,0,0
2022-09-22,87.47541,87.00563465,87.00563465,87.00563465,0,0
2022-09-23,87.00563465,86.3090712,86.3090712,86.3090712,0,0
2022-09-26,86.3090712,88.43115985,88.43115985,88.43115985,0,0
2022-09-27,88.43115985,88.75838268,88.75838268,88.75838268,0,0
2022-09-28,88.75838268,86.05636446,86.05636446,86.05636446,0,0
2022-09-29,86.05636446,85.71618231,85.71618231,85.71618231,0,0
2022-09-30,85.71618231,81.64695583,81.64695583,81.64695583,0,0
2022-10-10,81.64695583,81.3845296,81.3845296,81.3845296,0,0
2022-10-11,81.3845296,82.61890483,82.61890483,82.61890483,0,0
2022-10-12,82.61890483,84.99370022,84.99370022,84.99370022,0,0
2022-10-13,84.99370022,83.64593094,83.64593094,83.64593094,0,0
2022-10-14,83.64593094,85.70646282,85.70646282,85.70646282,0,0
2022-10-17,85.70646282,84.44940878,84.44940878,84.44940878,0,0
2022-10-18,84.44940878,88.66442761,88.66442761,88.66442761,0,0
2022-10-19,88.66442761,86.6654525,86.6654525,86.6654525,0,0
2022-10-20,86.6654525,85.37276033,85.37276033,85.37276033,0,0
2022-10-21,85.37276033,86.2766729,86.2766729,86.2766729,0,0
2022-10-24,86.2766729,82.80033531,82.80033531,82.80033531,0,0
2022-10-25,82.80033531,83.55845553,83.55845553,83.55845553,0,0
2022-10-26,83.55845553,83.54549621,83.54549621,83.54549621,0,0
2022-10-27,83.54549621,82.615665,82.615665,82.615665,0,0
2022-10-28,82.615665,77.72028187,77.72028187,77.72028187,0,0
2022-10-31,77.72028187,79.91688661,79.91688661,79.91688661,0,0
2022-11-01,79.91688661,84.82522906,84.82522906,84.82522906,0,0
2022-11-02,84.82522906,86.68489148,86.68489148,86.68489148,0,0
2022-11-03,86.68489148,86.82096434,86.82096434,86.82096434,0,0
2022-11-04,86.82096434,90.7800366,90.7800366,90.7800366,0,0
2022-11-07,90.7800366,90.35237904,90.35237904,90.35237904,0,0
2022-11-08,90.35237904,89.55214103,89.55214103,89.55214103,0,0
2022-11-09,89.55214103,87.35553629,87.35553629,87.35553629,0,0
2022-11-10,87.35553629,84.31981558,84.31981558,84.31981558,0,0
2022-11-11,84.31981558,87.0866304,87.0866304,87.0866304,0,0
2022-11-14,87.0866304,85.46347557,85.46347557,85.46347557,0,0
2022-11-15,85.46347557,86.503461,86.503461,86.503461,0,0
2022-11-16,86.503461,84.58548164,84.58548164,84.58548164,0,0
2022-11-17,84.58548164,83.263631,83.263631,83.263631,0,0
2022-11-18,83.263631,82.51199044,82.51199044,82.51199044,0,0
2022-11-21,82.51199044,82.3564786,82.3564786,82.3564786,0,0
2022-11-22,82.3564786,81.15450167,81.15450167,81.15450167,0,0
2022-11-23,81.15450167,81.4817245,81.4817245,81.4817245,0,0
2022-11-24,81.4817245,80.79812037,80.79812037,80.79812037,0,0
2022-11-25,80.79812037,79.39203415,79.39203415,79.39203415,0,0
2022-11-28,79.39203415,79.41147313,79.41147313,79.41147313,0,0
2022-11-29,79.41147313,80.4449789,80.4449789,80.4449789,0,0
2022-11-30,80.4449789,84.08006816,84.08006816,84.08006816,0,0
2022-12-01,84.08006816,86.39330678,86.39330678,86.39330678,0,0
2022-12-02,86.39330678,84.90946464,84.90946464,84.90946464,0,0
2022-12-05,84.90946464,85.32416288,85.32416288,85.32416288,0,0
2022-12-06,85.32416288,86.6978508,86.6978508,86.6978508,0,0
2022-12-07,86.6978508,88.68710642,88.68710642,88.68710642,0,0
2022-12-08,88.68710642,88.86529707,88.86529707,88.86529707,0,0
2022-12-09,88.86529707,88.9981301,88.9981301,88.9981301,0,0
2022-12-12,88.9981301,87.43653204,87.43653204,87.43653204,0,0
2022-12-13,87.43653204,87.4106134,87.4106134,87.4106134,0,0
2022-12-14,87.4106134,86.3090712,86.3090712,86.3090712,0,0
2022-12-15,86.3090712,87.94842518,87.94842518,87.94842518,0,0
2022-12-16,87.94842518,87.64064133,87.64064133,87.64064133,0,0
2022-12-19,87.64064133,86.3414695,86.3414695,86.3414695,0,0
2022-12-20,86.3414695,84.7539528,84.7539528,84.7539528,0,0
2022-12-21,84.7539528,84.4947664,84.4947664,84.4947664,0,0
2022-12-22,84.4947664,83.97315377,83.97315377,83.97315377,0,0
2022-12-23,83.97315377,81.70203294,81.70203294,81.70203294,0,0
2022-12-26,81.70203294,85.01961886,85.01961886,85.01961886,0,0
2022-12-27,85.01961886,84.92242396,84.92242396,84.92242396,0,0
2022-12-28,84.92242396,82.49255146,82.49255146,82.49255146,0,0
2022-12-29,82.49255146,82.53790908,82.53790908,82.53790908,0,0
2022-12-30,82.53790908,83.25391151,83.25391151,83.25391151,0,0
2023-01-03,83.25391151,84.39109184,84.39109184,84.39109184,0,0
2023-01-04,84.39109184,83.9439953,83.9439953,83.9439953,0,0
2023-01-05,83.9439953,85.88141364,85.88141364,85.88141364,0,0
2023-01-06,85.88141364,86.2442746,86.2442746,86.2442746,0,0
2023-01-09,86.2442746,85.33064254,85.33064254,85.33064254,0,0
2023-01-10,85.33064254,86.37062797,86.37062797,86.37062797,0,0
2023-01-11,86.37062797,87.14818717,87.14818717,87.14818717,0,0
2023-01-12,87.14818717,89.8404859,89.8404859,89.8404859,0,0
2023-01-13,89.8404859,90.25518414,90.25518414,90.25518414,0,0
2023-01-16,90.25518414,88.7065454,88.7065454,88.7065454,0,0
2023-01-17,88.7065454,87.47217017,87.47217017,87.47217017,0,0
2023-01-18,87.47217017,87.151427,87.151427,87.151427,0,0
2023-01-19,87.151427,87.6374015,87.6374015,87.6374015,0,0
2023-01-20,87.6374015,87.49808881,87.49808881,87.49808881,0,0
2023-01-30,87.49808881,91.35996617,91.35996617,91.35996617,0,0
2023-01-31,91.35996617,92.5943414,92.5943414,92.5943414,0,0
2023-02-01,92.5943414,98.59774639,98.59774639,98.59774639,0,0
2023-02-02,98.59774639,98.04373546,98.04373546,98.04373546,0,0
2023-02-03,98.04373546,95.574985,95.574985,95.574985,0,0
2023-02-06,95.574985,93.94859034,93.94859034,93.94859034,0,0
2023-02-07,93.94859034,93.631087,93.631087,93.631087,0,0
2023-02-08,93.631087,92.54898378,92.54898378,92.54898378,0,0
2023-02-09,92.54898378,93.41401839,93.41401839,93.41401839,0,0
2023-02-10,93.41401839,91.31784838,91.31784838,91.31784838,0,0
2023-02-13,91.31784838,91.46688056,91.46688056,91.46688056,0,0
2023-02-14,91.46688056,91.35348651,91.35348651,91.35348651,0,0
2023-02-15,91.35348651,90.391257,90.391257,90.391257,0,0
2023-02-16,90.391257,89.74977066,89.74977066,89.74977066,0,0
2023-02-17,89.74977066,88.01322178,88.01322178,88.01322178,0,0
2023-02-20,88.01322178,88.3825624,88.3825624,88.3825624,0,0
2023-02-21,88.3825624,89.01432925,89.01432925,89.01432925,0,0
2023-02-22,89.01432925,87.61148286,87.61148286,87.61148286,0,0
2023-02-23,87.61148286,87.61796252,87.61796252,87.61796252,0,0
2023-02-24,87.61796252,86.69137114,86.69137114,86.69137114,0,0
2023-02-27,86.69137114,84.17402323,84.17402323,84.17402323,0,0
2023-02-28,84.17402323,84.4947664,84.4947664,84.4947664,0,0
2023-03-01,84.4947664,86.0174865,86.0174865,86.0174865,0,0
2023-03-02,86.0174865,85.43755693,85.43755693,85.43755693,0,0
2023-03-03,85.43755693,85.46347557,85.46347557,85.46347557,0,0
2023-03-06,85.46347557,85.61898741,85.61898741,85.61898741,0,0
2023-03-07,85.61898741,84.45588844,84.45588844,84.45588844,0,0
2023-03-08,84.45588844,83.26039117,83.26039117,83.26039117,0,0
2023-03-09,83.26039117,82.96232681,82.96232681,82.96232681,0,0
2023-03-10,82.96232681,78.77322662,78.77322662,78.77322662,0,0
2023-03-13,78.77322662,77.91467167,77.91467167,77.91467167,0,0
2023-03-14,77.91467167,77.74944034,77.74944034,77.74944034,0,0
2023-03-15,77.74944034,77.30882346,77.30882346,77.30882346,0,0
2023-03-16,77.30882346,76.06796857,76.06796857,76.06796857,0,0
2023-03-17,76.06796857,77.07879553,77.07879553,77.07879553,0,0
2023-03-20,77.07879553,76.32067531,76.32067531,76.32067531,0,0
2023-03-21,76.32067531,77.59716833,77.59716833,77.59716833,0,0
2023-03-22,77.59716833,78.7926656,78.7926656,78.7926656,0,0
2023-03-23,78.7926656,79.53458667,79.53458667,79.53458667,0,0
2023-03-24,79.53458667,79.70629766,79.70629766,79.70629766,0,0
2023-03-27,79.70629766,78.93845795,78.93845795,78.93845795,0,0
2023-03-28,78.93845795,79.37907483,79.37907483,79.37907483,0,0
2023-03-29,79.37907483,80.2505891,80.2505891,80.2505891,0,0
2023-03-30,80.2505891,83.3284276,83.3284276,83.3284276,0,0
2023-03-31,83.3284276,82.94612766,82.94612766,82.94612766,0,0
2023-04-03,82.94612766,82.91372936,82.91372936,82.91372936,0,0
2023-04-04,82.91372936,81.29381436,81.29381436,81.29381436,0,0
2023-04-06,81.29381436,80.99575,80.99575,80.99575,0,0
2023-04-07,80.99575,80.76248224,80.76248224,80.76248224,0,0
2023-04-10,80.76248224,81.319733,81.319733,81.319733,0,0
2023-04-11,81.319733,80.94067289,80.94067289,80.94067289,0,0
2023-04-12,80.94067289,78.8574622,78.8574622,78.8574622,0,0
2023-04-13,78.8574622,78.66955206,78.66955206,78.66955206,0,0
2023-04-14,78.66955206,79.71925698,79.71925698,79.71925698,0,0
2023-04-17,79.71925698,80.81431952,80.81431952,80.81431952,0,0
2023-04-18,80.81431952,80.671767,80.671767,80.671767,0,0
2023-04-19,80.671767,81.27113555,81.27113555,81.27113555,0,0
2023-04-20,81.27113555,79.38231466,79.38231466,79.38231466,0,0
2023-04-21,79.38231466,78.727869,78.727869,78.727869,0,0
2023-04-24,78.727869,82.12645067,82.12645067,82.12645067,0,0
2023-04-25,82.12645067,79.1490469,79.1490469,79.1490469,0,0
2023-04-26,79.1490469,81.319733,81.319733,81.319733,0,0
2023-04-27,81.319733,83.88567836,83.88567836,83.88567836,0,0
2023-04-28,83.88567836,82.89429038,82.89429038,82.89429038,0,0
2023-05-04,82.89429038,81.81218716,81.81218716,81.81218716,0,0
2023-05-05,81.81218716,81.01842881,81.01842881,81.01842881,0,0
2023-05-08,81.01842881,82.30140149,82.30140149,82.30140149,0,0
2023-05-09,82.30140149,81.03138813,81.03138813,81.03138813,0,0
2023-05-10,81.03138813,84.16754357,84.16754357,84.16754357,0,0
2023-05-11,84.16754357,85.45051625,85.45051625,85.45051625,0,0
2023-05-12,85.45051625,84.2679783,84.2679783,84.2679783,0,0
2023-05-15,84.2679783,85.8230967,85.8230967,85.8230967,0,0
2023-05-16,85.8230967,85.89761279,85.89761279,85.89761279,0,0
2023-05-17,85.89761279,84.559563,84.559563,84.559563,0,0
2023-05-18,84.559563,83.93751564,83.93751564,83.93751564,0,0
2023-05-19,83.93751564,83.96991394,83.96991394,83.96991394,0,0
2023-05-22,83.96991394,85.8878933,85.8878933,85.8878933,0,0
2023-05-23,85.8878933,85.18485019,85.18485019,85.18485019,0,0
2023-05-24,85.18485019,84.85438753,84.85438753,84.85438753,0,0
2023-05-25,84.85438753,82.8100548,82.8100548,82.8100548,0,0
2023-05-26,82.8100548,80.02056117,80.02056117,80.02056117,0,0
2023-05-29,80.02056117,79.35315619,79.35315619,79.35315619,0,0
2023-05-30,79.35315619,81.7085126,81.7085126,81.7085126,0,0
2023-05-31,81.7085126,82.18152778,82.18152778,82.18152778,0,0
2023-06-01,82.18152778,82.76145735,82.76145735,82.76145735,0,0
2023-06-02,82.76145735,83.93103598,83.93103598,83.93103598,0,0
2023-06-05,83.93103598,83.69128856,83.69128856,83.69128856,0,0
2023-06-06,83.69128856,84.52068504,84.52068504,84.52068504,0,0
2023-06-07,84.52068504,83.11783865,83.11783865,83.11783865,0,0
2023-06-08,83.11783865,82.615665,82.615665,82.615665,0,0
2023-06-09,82.615665,83.587614,83.587614,83.587614,0,0
2023-06-12,83.587614,84.40081133,84.40081133,84.40081133,0,0
2023-06-13,84.40081133,84.63083926,84.63083926,84.63083926,0,0
2023-06-14,84.63083926,85.207529,85.207529,85.207529,0,0
2023-06-15,85.207529,88.08449804,88.08449804,88.08449804,0,0
2023-06-16,88.08449804,87.82531164,87.82531164,87.82531164,0,0
2023-06-19,87.82531164,87.21946343,87.21946343,87.21946343,0,0
2023-06-20,87.21946343,86.90843975,86.90843975,86.90843975,0,0
2023-06-21,86.90843975,86.75616774,86.75616774,86.75616774,0,0
2023-06-26,86.75616774,85.17189087,85.17189087,85.17189087,0,0
2023-06-27,85.17189087,84.25177915,84.25177915,84.25177915,0,0
2023-06-28,84.25177915,84.31657575,84.31657575,84.31657575,0,0
2023-06-29,84.31657575,82.8424531,82.8424531,82.8424531,0,0
2023-06-30,82.8424531,83.67508941,83.67508941,83.67508941,0,0
2023-07-03,83.67508941,86.65897284,86.65897284,86.65897284,0,0
2023-07-04,86.65897284,87.9613845,87.9613845,87.9613845,0,0
2023-07-05,87.9613845,86.503461,86.503461,86.503461,0,0
2023-07-06,86.503461,86.8598423,86.8598423,86.8598423,0,0
2023-07-07,86.8598423,85.6611052,85.6611052,85.6611052,0,0
2023-07-10,85.6611052,85.38571965,85.38571965,85.38571965,0,0
2023-07-11,85.38571965,87.25834139,87.25834139,87.25834139,0,0
2023-07-12,87.25834139,86.05312463,86.05312463,86.05312463,0,0
2023-07-13,86.05312463,86.77236689,86.77236689,86.77236689,0,0
2023-07-14,86.77236689,85.66434503,85.66434503,85.66434503,0,0
2023-07-17,85.66434503,85.69026367,85.69026367,85.69026367,0,0
2023-07-18,85.69026367,86.01100684,86.01100684,86.01100684,0,0
2023-07-19,86.01100684,85.80041789,85.80041789,85.80041789,0,0
2023-07-20,85.80041789,85.83929585,85.83929585,85.83929585,0,0
2023-07-21,85.83929585,85.63518656,85.63518656,85.63518656,0,0
2023-07-24,85.63518656,83.4256225,83.4256225,83.4256225,0,0
2023-07-25,83.4256225,85.72266197,85.72266197,85.72266197,0,0
2023-07-26,85.72266197,84.91270447,84.91270447,84.91270447,0,0
2023-07-27,84.91270447,84.76367229,84.76367229,84.76367229,0,0
2023-07-28,84.76367229,86.882067,86.882067,86.882067,0,0
2023-07-31,86.882067,88.509072,88.509072,88.509072,0,0
2023-08-01,88.509072,87.3701685,87.3701685,87.3701685,0,0
2023-08-02,87.3701685,87.207468,87.207468,87.207468,0,0
2023-08-03,87.207468,87.28231023,87.28231023,87.28231023,0,0
2023-08-04,87.28231023,87.3050883,87.3050883,87.3050883,0,0
2023-08-07,87.3050883,86.87881299,86.87881299,86.87881299,0,0
2023-08-08,86.87881299,85.6780833,85.6780833,85.6780833,0,0
2023-08-09,85.6780833,85.5479229,85.5479229,85.5479229,0,0
2023-08-10,85.5479229,85.4828427,85.4828427,85.4828427,0,0
2023-08-11,85.4828427,84.36020925,84.36020925,84.36020925,0,0
2023-08-14,84.36020925,79.99007382,79.99007382,79.99007382,0,0
2023-08-15,79.99007382,79.57356054,79.57356054,79.57356054,0,0
2023-08-16,79.57356054,79.4629242,79.4629242,79.4629242,0,0
2023-08-17,79.4629242,80.05190001,80.05190001,80.05190001,0,0
2023-08-18,80.05190001,78.19060629,78.19060629,78.19060629,0,0
2023-08-21,78.19060629,76.27724841,76.27724841,76.27724841,0,0
2023-08-22,76.27724841,76.31955054,76.31955054,76.31955054,0,0
2023-08-23,76.31955054,74.87151609,74.87151609,74.87151609,0,0
2023-08-24,74.87151609,76.4366949,76.4366949,76.4366949,0,0
2023-08-25,76.4366949,75.6882726,75.6882726,75.6882726,0,0
2023-08-28,75.6882726,76.64169753,76.64169753,76.64169753,0,0
2023-08-29,76.64169753,80.27968071,80.27968071,80.27968071,0,0
2023-08-30,80.27968071,81.2851698,81.2851698,81.2851698,0,0
2023-08-31,81.2851698,81.1550094,81.1550094,81.1550094,0,0
2023-09-01,81.1550094,81.06389712,81.06389712,81.06389712,0,0
2023-09-04,81.06389712,82.14748245,82.14748245,82.14748245,0,0
2023-09-05,82.14748245,81.03461103,81.03461103,81.03461103,0,0
2023-09-06,81.03461103,81.49668045,81.49668045,81.49668045,0,0
2023-09-07,81.49668045,80.8296084,80.8296084,80.8296084,0,0
2023-09-08,80.8296084,79.41411405,79.41411405,79.41411405,0,0
2023-09-11,79.41411405,80.37730101,80.37730101,80.37730101,0,0
2023-09-12,80.37730101,81.99779799,81.99779799,81.99779799,0,0
2023-09-13,81.99779799,81.85462155,81.85462155,81.85462155,0,0
2023-09-14,81.85462155,79.27744563,79.27744563,79.27744563,0,0
2023-09-15,79.27744563,79.49221029,79.49221029,79.49221029,0,0
2023-09-18,79.49221029,80.49769938,80.49769938,80.49769938,0,0
2023-09-19,80.49769938,80.42936517,80.42936517,80.42936517,0,0
2023-09-20,80.42936517,79.397844,79.397844,79.397844,0,0
2023-09-21,79.397844,77.99211168,77.99211168,77.99211168,0,0
2023-09-22,77.99211168,79.73951505,79.73951505,79.73951505,0,0
2023-09-25,79.73951505,79.9835658,79.9835658,79.9835658,0,0
2023-09-26,79.9835658,77.6081385,77.6081385,77.6081385,0,0
2023-09-27,77.6081385,77.39011983,77.39011983,77.39011983,0,0
2023-09-28,77.39011983,77.0224167,77.0224167,77.0224167,0,0
2023-10-09,77.0224167,77.43567597,77.43567597,77.43567597,0,0
2023-10-10,77.43567597,77.41615191,77.41615191,77.41615191,0,0
2023-10-11,77.41615191,77.63742459,77.63742459,77.63742459,0,0
2023-10-12,77.63742459,79.54427445,79.54427445,79.54427445,0,0
2023-10-13,79.54427445,78.21338436,78.21338436,78.21338436,0,0
2023-10-16,78.21338436,77.28599151,77.28599151,77.28599151,0,0
2023-10-17,77.28599151,77.445438,77.445438,77.445438,0,0
2023-10-18,77.445438,81.04762707,81.04762707,81.04762707,0,0
2023-10-19,81.04762707,78.2914806,78.2914806,78.2914806,0,0
2023-10-20,78.2914806,77.8359192,77.8359192,77.8359192,0,0
2023-10-23,77.8359192,77.65694865,77.65694865,77.65694865,0,0
2023-10-24,77.65694865,76.64820555,76.64820555,76.64820555,0,0
2023-10-25,76.64820555,77.2501974,77.2501974,77.2501974,0,0
2023-10-26,77.2501974,77.64393261,77.64393261,77.64393261,0,0
2023-10-27,77.64393261,78.73077195,78.73077195,78.73077195,0,0
2023-10-30,78.73077195,79.5930846,79.5930846,79.5930846,0,0
2023-10-31,79.5930846,77.62115454,77.62115454,77.62115454,0,0
2023-11-01,77.62115454,76.8597162,76.8597162,76.8597162,0,0
2023-11-02,76.8597162,76.4041548,76.4041548,76.4041548,0,0
2023-11-03,76.4041548,77.65694865,77.65694865,77.65694865,0,0
2023-11-06,77.65694865,79.0399029,79.0399029,79.0399029,0,0
2023-11-07,79.0399029,78.41187897,78.41187897,78.41187897,0,0
2023-11-08,78.41187897,78.09624,78.09624,78.09624,0,0
2023-11-09,78.09624,77.8684593,77.8684593,77.8684593,0,0
2023-11-10,77.8684593,77.10702096,77.10702096,77.10702096,0,0
2023-11-13,77.10702096,77.15908512,77.15908512,77.15908512,0,0
2023-11-14,77.15908512,77.32503963,77.32503963,77.32503963,0,0
2023-11-15,77.32503963,77.65369464,77.65369464,77.65369464,0,0
2023-11-16,77.65369464,77.5430583,77.5430583,77.5430583,0,0
2023-11-17,77.5430583,77.04194076,77.04194076,77.04194076,0,0
2023-11-20,77.04194076,76.469235,76.469235,76.469235,0,0
2023-11-21,76.469235,76.2089142,76.2089142,76.2089142,0,0
2023-11-22,76.2089142,74.84223,74.84223,74.84223,0,0
2023-11-23,74.84223,74.46151083,74.46151083,74.46151083,0,0
2023-11-24,74.46151083,70.56320685,70.56320685,70.56320685,0,0
2023-11-27,70.56320685,67.9762689,67.9762689,67.9762689,0,0
2023-11-28,67.9762689,68.30492391,68.30492391,68.30492391,0,0
2023-11-29,68.30492391,65.72449398,65.72449398,65.72449398,0,0
2023-11-30,65.72449398,64.80360915,64.80360915,64.80360915,0,0
2023-12-01,64.80360915,64.12026705,64.12026705,64.12026705,0,0
2023-12-04,64.12026705,63.90550239,63.90550239,63.90550239,0,0
2023-12-05,63.90550239,63.88923234,63.88923234,63.88923234,0,0
2023-12-06,63.88923234,65.46742719,65.46742719,65.46742719,0,0
2023-12-07,65.46742719,64.90122945,64.90122945,64.90122945,0,0
2023-12-08,64.90122945,64.60836855,64.60836855,64.60836855,0,0
2023-12-11,64.60836855,64.81662519,64.81662519,64.81662519,0,0
2023-12-12,64.81662519,63.88597833,63.88597833,63.88597833,0,0
2023-12-13,63.88597833,62.4119118,62.4119118,62.4119118,0,0
2023-12-14,62.4119118,62.21016318,62.21016318,62.21016318,0,0
2023-12-15,62.21016318,62.89350528,62.89350528,62.89350528,0,0
2023-12-18,62.89350528,61.52031306,61.52031306,61.52031306,0,0
2023-12-19,61.52031306,61.175388,61.175388,61.175388,0,0
2023-12-20,61.175388,60.16013688,60.16013688,60.16013688,0,0
2023-12-21,60.16013688,61.72206168,61.72206168,61.72206168,0,0
2023-12-22,61.72206168,62.55834225,62.55834225,62.55834225,0,0
2023-12-25,62.55834225,62.53556418,62.53556418,62.53556418,0,0
2023-12-26,62.53556418,62.39564175,62.39564175,62.39564175,0,0
2023-12-27,62.39564175,62.29802145,62.29802145,62.29802145,0,0
2023-12-28,62.29802145,64.44566805,64.44566805,64.44566805,0,0
2023-12-29,64.44566805,64.429398,64.429398,64.429398,0,0
2024-01-02,64.429398,62.6722326,62.6722326,62.6722326,0,0
2024-01-03,62.6722326,62.85771117,62.85771117,62.85771117,0,0
2024-01-04,62.85771117,62.80890102,62.80890102,62.80890102,0,0
2024-01-05,62.80890102,62.69826468,62.69826468,62.69826468,0,0
2024-01-08,62.69826468,61.6309494,61.6309494,61.6309494,0,0
2024-01-09,61.6309494,62.75683686,62.75683686,62.75683686,0,0
2024-01-10,62.75683686,61.92055629,61.92055629,61.92055629,0,0
2024-01-11,61.92055629,64.03240878,64.03240878,64.03240878,0,0
2024-01-12,64.03240878,63.73629387,63.73629387,63.73629387,0,0
2024-01-15,63.73629387,63.32628861,63.32628861,63.32628861,0,0
2024-01-16,63.32628861,63.5508153,63.5508153,63.5508153,0,0
2024-01-17,63.5508153,60.7849068,60.7849068,60.7849068,0,0
2024-01-18,60.7849068,61.98238248,61.98238248,61.98238248,0,0
2024-01-19,61.98238248,61.61142534,61.61142534,61.61142534,0,0
2024-01-22,61.61142534,60.30982134,60.30982134,60.30982134,0,0
2024-01-23,60.30982134,61.12657785,61.12657785,61.12657785,0,0
2024-01-24,61.12657785,61.4031687,61.4031687,61.4031687,0,0
2024-01-25,61.4031687,61.7936499,61.7936499,61.7936499,0,0
2024-01-26,61.7936499,60.47902986,60.47902986,60.47902986,0,0
2024-01-29,60.47902986,58.06455444,58.06455444,58.06455444,0,0
2024-01-30,58.06455444,55.95920997,55.95920997,55.95920997,0,0
2024-01-31,55.95920997,55.55571273,55.55571273,55.55571273,0,0
2024-02-01,55.55571273,55.60777689,55.60777689,55.60777689,0,0
2024-02-02,55.60777689,54.341967,54.341967,54.341967,0,0
2024-02-05,54.341967,54.667368,54.667368,54.667368,0,0
2024-02-06,54.667368,57.22827387,57.22827387,57.22827387,0,0
2024-02-07,57.22827387,58.42900356,58.42900356,58.42900356,0,0
2024-02-08,58.42900356,58.95289917,58.95289917,58.95289917,0,0
2024-02-19,58.95289917,59.7110835,59.7110835,59.7110835,0,0
2024-02-20,59.7110835,58.25328702,58.25328702,58.25328702,0,0
2024-02-21,58.25328702,59.548383,59.548383,59.548383,0,0
2024-02-22,59.548383,59.54512899,59.54512899,59.54512899,0,0
2024-02-23,59.54512899,59.44425468,59.44425468,59.44425468,0,0
2024-02-26,59.44425468,60.524586,60.524586,60.524586,0,0
2024-02-27,60.524586,63.0301737,63.0301737,63.0301737,0,0
2024-02-28,63.0301737,61.175388,61.175388,61.175388,0,0
2024-02-29,61.175388,62.2166712,62.2166712,62.2166712,0,0
2024-03-01,62.2166712,62.53556418,62.53556418,62.53556418,0,0
2024-03-04,62.53556418,61.58864727,61.58864727,61.58864727,0,0
2024-03-05,61.58864727,62.09301882,62.09301882,62.09301882,0,0
2024-03-06,62.09301882,62.36310165,62.36310165,62.36310165,0,0
2024-03-07,62.36310165,61.46499489,61.46499489,61.46499489,0,0
2024-03-08,61.46499489,61.20467409,61.20467409,61.20467409,0,0
2024-03-11,61.20467409,64.67019474,64.67019474,64.67019474,0,0
2024-03-12,64.67019474,66.7397451,66.7397451,66.7397451,0,0
2024-03-13,66.7397451,67.14975036,67.14975036,67.14975036,0,0
2024-03-14,67.14975036,69.01104408,69.01104408,69.01104408,0,0
2024-03-15,69.01104408,68.16174747,68.16174747,68.16174747,0,0
2024-03-18,68.16174747,70.94718003,70.94718003,70.94718003,0,0
2024-03-19,70.94718003,70.5469368,70.5469368,70.5469368,0,0
2024-03-20,70.5469368,71.09361048,71.09361048,71.09361048,0,0
2024-03-21,71.09361048,71.24654895,71.24654895,71.24654895,0,0
2024-03-22,71.24654895,70.59574695,70.59574695,70.59574695,0,0
2024-03-25,70.59574695,69.7008942,69.7008942,69.7008942,0,0
2024-03-26,69.7008942,71.4580596,71.4580596,71.4580596,0,0
2024-03-27,71.4580596,68.97850398,68.97850398,68.97850398,0,0
2024-03-28,68.97850398,67.80706038,67.80706038,67.80706038,0,0
2024-03-29,67.80706038,66.07592706,66.07592706,66.07592706,0,0
2024-04-01,66.07592706,68.98826601,68.98826601,68.98826601,0,0
2024-04-02,68.98826601,69.09564834,69.09564834,69.09564834,0,0
2024-04-03,69.09564834,67.73547216,67.73547216,67.73547216,0,0
2024-04-08,67.73547216,68.985012,68.985012,68.985012,0,0
2024-04-09,68.985012,69.01104408,69.01104408,69.01104408,0,0
2024-04-10,69.01104408,68.93294784,68.93294784,68.93294784,0,0
2024-04-11,68.93294784,69.30390498,69.30390498,69.30390498,0,0
2024-04-12,69.30390498,68.5294506,68.5294506,68.5294506,0,0
2024-04-15,68.5294506,69.51216162,69.51216162,69.51216162,0,0
2024-04-16,69.51216162,68.86461363,68.86461363,68.86461363,0,0
2024-04-17,68.86461363,69.310413,69.310413,69.310413,0,0
2024-04-18,69.310413,69.5056536,69.5056536,69.5056536,0,0
2024-04-19,69.5056536,68.37651213,68.37651213,68.37651213,0,0
2024-04-22,68.37651213,67.86563256,67.86563256,67.86563256,0,0
2024-04-23,67.86563256,66.72022104,66.72022104,66.72022104,0,0
2024-04-24,66.72022104,67.49467542,67.49467542,67.49467542,0,0
2024-04-25,67.49467542,67.98928494,67.98928494,67.98928494,0,0
2024-04-26,67.98928494,71.38321737,71.38321737,71.38321737,0,0
2024-04-29,71.38321737,72.03727338,72.03727338,72.03727338,0,0
2024-04-30,72.03727338,71.1001185,71.1001185,71.1001185,0,0
2024-05-06,71.1001185,73.6382463,73.6382463,73.6382463,0,0
2024-05-07,73.6382463,74.80318188,74.80318188,74.80318188,0,0
2024-05-08,74.80318188,73.61546823,73.61546823,73.61546823,0,0
2024-05-09,73.61546823,74.24023815,74.24023815,74.24023815,0,0
2024-05-10,74.24023815,74.1263478,74.1263478,74.1263478,0,0
2024-05-13,74.1263478,73.4430057,73.4430057,73.4430057,0,0
2024-05-14,73.4430057,73.18593891,73.18593891,73.18593891,0,0
2024-05-15,73.18593891,71.30837514,71.30837514,71.30837514,0,0
2024-05-16,71.30837514,71.03829231,71.03829231,71.03829231,0,0
2024-05-17,71.03829231,71.45480559,71.45480559,71.45480559,0,0
2024-05-20,71.45480559,72.52212087,72.52212087,72.52212087,0,0
2024-05-21,72.52212087,71.19123078,71.19123078,71.19123078,0,0
2024-05-22,71.19123078,70.58598492,70.58598492,70.58598492,0,0
2024-05-23,70.58598492,69.94494495,69.94494495,69.94494495,0,0
2024-05-24,69.94494495,68.1064293,68.1064293,68.1064293,0,0
2024-05-27,68.1064293,67.79729835,67.79729835,67.79729835,0,0
2024-05-28,67.79729835,67.48165938,67.48165938,67.48165938,0,0
2024-05-29,67.48165938,73.1176047,73.1176047,73.1176047,0,0
2024-05-30,73.1176047,74.14587186,74.14587186,74.14587186,0,0
2024-05-31,74.14587186,74.52333702,74.52333702,74.52333702,0,0
2024-06-03,74.52333702,77.1525771,77.1525771,77.1525771,0,0
2024-06-04,77.1525771,77.49424815,77.49424815,77.49424815,0,0
2024-06-05,77.49424815,78.35330679,78.35330679,78.35330679,0,0
2024-06-06,78.35330679,77.6081385,77.6081385,77.6081385,0,0
2024-06-07,77.6081385,76.6319355,76.6319355,76.6319355,0,0
2024-06-11,76.6319355,79.60284663,79.60284663,79.60284663,0,0
2024-06-12,79.60284663,79.0399029,79.0399029,79.0399029,0,0
2024-06-13,79.0399029,82.32319899,82.32319899,82.32319899,0,0
2024-06-14,82.32319899,82.34272305,82.34272305,82.34272305,0,0
2024-06-17,82.34272305,83.69639121,83.69639121,83.69639121,0,0
2024-06-18,83.69639121,83.18551164,83.18551164,83.18551164,0,0
2024-06-19,83.18551164,82.651854,82.651854,82.651854,0,0
2024-06-20,82.651854,81.8383515,81.8383515,81.8383515,0,0
2024-06-21,81.8383515,81.56826867,81.56826867,81.56826867,0,0
2024-06-24,81.56826867,81.33072594,81.33072594,81.33072594,0,0
2024-06-25,81.33072594,82.65510801,82.65510801,82.65510801,0,0
2024-06-26,82.65510801,82.23534072,82.23534072,82.23534072,0,0
2024-06-27,82.23534072,81.1875495,81.1875495,81.1875495,0,0
2024-06-28,81.1875495,81.43160025,81.43160025,81.43160025,0,0
2024-07-01,81.43160025,80.3089668,80.3089668,80.3089668,0,0
2024-07-02,80.3089668,79.38808197,79.38808197,79.38808197,0,0
2024-07-03,79.38808197,79.1049831,79.1049831,79.1049831,0,0
2024-07-04,79.1049831,79.60284663,79.60284663,79.60284663,0,0
2024-07-05,79.60284663,78.75680403,78.75680403,78.75680403,0,0
2024-07-08,78.75680403,79.71999099,79.71999099,79.71999099,0,0
2024-07-09,79.71999099,82.1962926,82.1962926,82.1962926,0,0
2024-07-10,82.1962926,82.1637525,82.1637525,82.1637525,0,0
2024-07-11,82.1637525,82.34597706,82.34597706,82.34597706,0,0
2024-07-12,82.34597706,85.45681062,85.45681062,85.45681062,0,0
2024-07-15,85.45681062,85.16069571,85.16069571,85.16069571,0,0
2024-07-16,85.16069571,84.27560499,84.27560499,84.27560499,0,0
2024-07-17,84.27560499,84.44481351,84.44481351,84.44481351,0,0
2024-07-18,84.44481351,85.06958343,85.06958343,85.06958343,0,0
2024-07-19,85.06958343,85.92538806,85.92538806,85.92538806,0,0
2024-07-22,85.92538806,86.42975961,86.42975961,86.42975961,0,0
2024-07-23,86.42975961,82.40129523,82.40129523,82.40129523,0,0
2024-07-24,82.40129523,81.34699599,81.34699599,81.34699599,0,0
2024-07-25,81.34699599,81.47715639,81.47715639,81.47715639,0,0
2024-07-26,81.47715639,82.96098495,82.96098495,82.96098495,0,0
2024-07-29,82.96098495,82.0552837,82.0552837,82.0552837,0,0
2024-07-30,82.0552837,80.34566137,80.34566137,80.34566137,0,0
2024-07-31,80.34566137,81.37999935,81.37999935,81.37999935,0,0
2024-08-01,81.37999935,80.4411894,80.4411894,80.4411894,0,0
2024-08-02,80.4411894,77.33817546,77.33817546,77.33817546,0,0
2024-08-05,77.33817546,76.15231026,76.15231026,76.15231026,0,0
2024-08-06,76.15231026,75.41443858,75.41443858,75.41443858,0,0
2024-08-07,75.41443858,75.41773265,75.41773265,75.41773265,0,0
2024-08-08,75.41773265,74.59421515,74.59421515,74.59421515,0,0
2024-08-09,74.59421515,76.29724934,76.29724934,76.29724934,0,0
2024-08-12,76.29724934,75.8953728,75.8953728,75.8953728,0,0
2024-08-13,75.8953728,75.34526311,75.34526311,75.34526311,0,0
2024-08-14,75.34526311,74.6436262,74.6436262,74.6436262,0,0
2024-08-15,74.6436262,76.25442643,76.25442643,76.25442643,0,0
2024-08-16,76.25442643,77.44687977,77.44687977,77.44687977,0,0
2024-08-19,77.44687977,77.54899594,77.54899594,77.54899594,0,0
2024-08-20,77.54899594,77.89816736,77.89816736,77.89816736,0,0
2024-08-21,77.89816736,79.387087,79.387087,79.387087,0,0
2024-08-22,79.387087,79.22897164,79.22897164,79.22897164,0,0
2024-08-23,79.22897164,78.84027138,78.84027138,78.84027138,0,0
2024-08-26,78.84027138,78.86332987,78.86332987,78.86332987,0,0
2024-08-27,78.86332987,79.3212056,79.3212056,79.3212056,0,0
2024-08-28,79.3212056,78.02004795,78.02004795,78.02004795,0,0
2024-08-29,78.02004795,77.36123395,77.36123395,77.36123395,0,0
2024-08-30,77.36123395,82.16069394,82.16069394,82.16069394,0,0
2024-09-02,82.16069394,79.4200277,79.4200277,79.4200277,0,0
2024-09-03,79.4200277,81.38988156,81.38988156,81.38988156,0,0
2024-09-04,81.38988156,82.45716024,82.45716024,82.45716024,0,0
2024-09-05,82.45716024,83.29055995,83.29055995,83.29055995,0,0
2024-09-06,83.29055995,82.8788012,82.8788012,82.8788012,0,0
2024-09-09,82.8788012,82.34516186,82.34516186,82.34516186,0,0
2024-09-10,82.34516186,82.23645755,82.23645755,82.23645755,0,0
2024-09-11,82.23645755,85.0199467,85.0199467,85.0199467,0,0
2024-09-12,85.0199467,84.66089307,84.66089307,84.66089307,0,0
2024-09-13,84.66089307,83.99549093,83.99549093,83.99549093,0,0
2024-09-18,83.99549093,85.12865101,85.12865101,85.12865101,0,0
2024-09-19,85.12865101,84.11737152,84.11737152,84.11737152,0,0
2024-09-20,84.11737152,84.3611327,84.3611327,84.3611327,0,0
2024-09-23,84.3611327,82.35175,82.35175,82.35175,0,0
2024-09-24,82.35175,83.76490603,83.76490603,83.76490603,0,0
2024-09-25,83.76490603,86.5681596,86.5681596,86.5681596,0,0
2024-09-26,86.5681596,88.81142127,88.81142127,88.81142127,0,0
2024-09-27,88.81142127,93.54829393,93.54829393,93.54829393,0,0
2024-09-30,93.54829393,101.23006517,101.23006517,101.23006517,0,0
2024-10-08,101.23006517,107.84126366,107.84126366,107.84126366,0,0
2024-10-09,107.84126366,100.69642583,100.69642583,100.69642583,0,0
2024-10-10,100.69642583,104.05637723,104.05637723,104.05637723,0,0
2024-10-11,104.05637723,98.83857035,98.83857035,98.83857035,0,0
2024-10-14,98.83857035,101.127949,101.127949,101.127949,0,0
2024-10-15,101.127949,98.163286,98.163286,98.163286,0,0
2024-10-16,98.163286,95.45885453,95.45885453,95.45885453,0,0
2024-10-17,95.45885453,95.33697394,95.33697394,95.33697394,0,0
2024-10-18,95.33697394,98.9209221,98.9209221,98.9209221,0,0
2024-10-21,98.9209221,100.94677515,100.94677515,100.94677515,0,0
2024-10-22,100.94677515,100.38678325,100.38678325,100.38678325,0,0
2024-10-23,100.38678325,101.74723416,101.74723416,101.74723416,0,0
2024-10-24,101.74723416,100.03431776,100.03431776,100.03431776,0,0
2024-10-25,100.03431776,101.50347298,101.50347298,101.50347298,0,0
2024-10-28,101.50347298,100.5020757,100.5020757,100.5020757,0,0
2024-10-29,100.5020757,100.6008978,100.6008978,100.6008978,0,0
2024-10-30,100.6008978,100.65030885,100.65030885,100.65030885,0,0
2024-10-31,100.65030885,96.57883833,96.57883833,96.57883833,0,0
2024-11-01,96.57883833,95.63014617,95.63014617,95.63014617,0,0
2024-11-04,95.63014617,101.12136086,101.12136086,101.12136086,0,0
2024-11-05,101.12136086,101.2926525,101.2926525,101.2926525,0,0
2024-11-06,101.2926525,98.94068652,98.94068652,98.94068652,0,0
2024-11-07,98.94068652,99.40844446,99.40844446,99.40844446,0,0
2024-11-08,99.40844446,98.1303453,98.1303453,98.1303453,0,0
2024-11-11,98.1303453,98.58822103,98.58822103,98.58822103,0,0
2024-11-12,98.58822103,99.08891967,99.08891967,99.08891967,0,0
2024-11-13,99.08891967,99.00986199,99.00986199,99.00986199,0,0
2024-11-14,99.00986199,97.09271325,97.09271325,97.09271325,0,0
2024-11-15,97.09271325,95.52803,95.52803,95.52803,0,0
2024-11-18,95.52803,95.09321276,95.09321276,95.09321276,0,0
2024-11-19,95.09321276,94.86592193,94.86592193,94.86592193,0,0
2024-11-20,94.86592193,95.02074322,95.02074322,95.02074322,0,0
2024-11-21,95.02074322,94.210402,94.210402,94.210402,0,0
2024-11-22,94.210402,91.73655543,91.73655543,91.73655543,0,0
2024-11-25,91.73655543,93.222181,93.222181,93.222181,0,0
2024-11-26,93.222181,92.56666107,92.56666107,92.56666107,0,0
2024-11-27,92.56666107,92.563367,92.563367,92.563367,0,0
2024-11-28,92.563367,90.44857406,90.44857406,90.44857406,0,0
2024-11-29,90.44857406,90.53092581,90.53092581,90.53092581,0,0
2024-12-02,90.53092581,93.0245368,93.0245368,93.0245368,0,0
2024-12-03,93.0245368,93.10688855,93.10688855,93.10688855,0,0
2024-12-04,93.10688855,92.22737186,92.22737186,92.22737186,0,0
2024-12-05,92.22737186,90.67257082,90.67257082,90.67257082,0,0
2024-12-06,90.67257082,92.32619396,92.32619396,92.32619396,0,0
2024-12-09,92.32619396,92.39536943,92.39536943,92.39536943,0,0
2024-12-10,92.39536943,93.07394785,93.07394785,93.07394785,0,0
2024-12-11,93.07394785,92.48760339,92.48760339,92.48760339,0,0
2024-12-12,92.48760339,93.44617776,93.44617776,93.44617776,0,0
2024-12-13,93.44617776,91.08432957,91.08432957,91.08432957,0,0
2024-12-16,91.08432957,90.57045465,90.57045465,90.57045465,0,0
2024-12-17,90.57045465,93.1562996,93.1562996,93.1562996,0,0
2024-12-18,93.1562996,93.76570255,93.76570255,93.76570255,0,0
2024-12-19,93.76570255,94.0127578,94.0127578,94.0127578,0,0
2024-12-20,94.0127578,92.2998414,92.2998414,92.2998414,0,0
2024-12-23,92.2998414,92.4645449,92.4645449,92.4645449,0,0
2024-12-24,92.4645449,95.00756694,95.00756694,95.00756694,0,0
2024-12-25,95.00756694,94.18404944,94.18404944,94.18404944,0,0
2024-12-26,94.18404944,93.83487802,93.83487802,93.83487802,0,0
2024-12-27,93.83487802,94.30263596,94.30263596,94.30263596,0,0
2024-12-30,94.30263596,93.87770093,93.87770093,93.87770093,0,0
2024-12-31,93.87770093,93.11018262,93.11018262,93.11018262,0,0
2025-01-02,93.11018262,89.3022377,89.3022377,89.3022377,0,0
2025-01-02,89.3022377,89.3022377,89.3022377,89.3022377,0,0
2025-01-03,89.3022377,89.18035711,89.18035711,89.18035711,0,0
2025-01-03,89.18035711,89.18035711,89.18035711,89.18035711,0,0
2025-01-06,89.18035711,89.36153096,89.36153096,89.36153096,0,0
2025-01-06,89.36153096,89.36153096,89.36153096,89.36153096,0,0
2025-01-07,89.36153096,90.26740021,90.26740021,90.26740021,0,0
2025-01-07,90.26740021,90.26740021,90.26740021,90.26740021,0,0
2025-01-08,90.26740021,88.66977626,88.66977626,88.66977626,0,0
2025-01-08,88.66977626,88.66977626,88.66977626,88.66977626,0,0
2025-01-09,88.66977626,88.73895173,88.73895173,88.73895173,0,0
2025-01-09,88.73895173,88.73895173,88.73895173,88.73895173,0,0
2025-01-10,88.73895173,87.62885014,87.62885014,87.62885014,0,0
2025-01-10,87.62885014,87.62885014,87.62885014,87.62885014,0,0
2025-01-13,87.62885014,87.622262,87.622262,87.622262,0,0
2025-01-13,87.622262,87.622262,87.622262,87.622262,0,0
2025-01-14,87.622262,91.0151541,91.0151541,91.0151541,0,0
2025-01-14,91.0151541,91.0151541,91.0151541,91.0151541,0,0
2025-01-15,91.0151541,90.48480883,90.48480883,90.48480883,0,0
2025-01-15,90.48480883,90.48480883,90.48480883,90.48480883,0,0
2025-01-16,90.48480883,89.84905332,89.84905332,89.84905332,0,0
2025-01-16,89.84905332,89.84905332,89.84905332,89.84905332,0,0
2025-01-17,89.84905332,91.1139762,91.1139762,91.1139762,0,0
2025-01-17,91.1139762,91.1139762,91.1139762,91.1139762,0,0
2025-01-20,91.1139762,93.69323301,93.69323301,93.69323301,0,0
2025-01-20,93.69323301,93.69323301,93.69323301,93.69323301,0,0
2025-01-21,93.69323301,94.22687235,94.22687235,94.22687235,0,0
2025-01-21,94.22687235,94.22687235,94.22687235,94.22687235,0,0
2025-01-22,94.22687235,93.0574775,93.0574775,93.0574775,0,0
2025-01-22,93.0574775,93.0574775,93.0574775,93.0574775,0,0
2025-01-23,93.0574775,91.28197377,91.28197377,91.28197377,0,0
2025-01-23,91.28197377,91.28197377,91.28197377,91.28197377,0,0
2025-01-24,91.28197377,91.93090556,91.93090556,91.93090556,0,0
2025-01-24,91.93090556,91.93090556,91.93090556,91.93090556,0,0
2025-01-27,91.93090556,90.4222215,90.4222215,90.4222215,0,0
2025-01-27,90.4222215,90.4222215,90.4222215,90.4222215,0,0
2025-02-05,90.4222215,93.1562996,93.1562996,93.1562996,0,0
2025-02-06,93.1562996,102.47192956,102.47192956,102.47192956,0,0
2025-02-07,102.47192956,107.6831483,107.6831483,107.6831483,0,0
2025-02-10,107.6831483,108.74713291,108.74713291,108.74713291,0,0
2025-02-11,108.74713291,108.6713693,108.6713693,108.6713693,0,0
2025-02-12,108.6713693,113.66188535,113.66188535,113.66188535,0,0
2025-02-13,113.66188535,112.4266091,112.4266091,112.4266091,0,0
2025-02-14,112.4266091,117.28536235,117.28536235,117.28536235,0,0
2025-02-17,117.28536235,114.7983395,114.7983395,114.7983395,0,0
2025-02-18,114.7983395,117.34136154,117.34136154,117.34136154,0,0
2025-02-19,117.34136154,118.0924095,118.0924095,118.0924095,0,0
2025-02-20,118.0924095,119.50227146,119.50227146,119.50227146,0,0
2025-02-21,119.50227146,126.162881,126.162881,126.162881,0,0
2025-02-24,126.162881,123.94926596,123.94926596,123.94926596,0,0
2025-02-25,123.94926596,122.70081343,122.70081343,122.70081343,0,0
2025-02-26,122.70081343,122.5723447,122.5723447,122.5723447,0,0
2025-02-27,122.5723447,123.6923285,123.6923285,123.6923285,0,0
2025-02-28,123.6923285,119.18604074,119.18604074,119.18604074,0,0
2025-03-03,119.18604074,118.65569547,118.65569547,118.65569547,0,0
2025-03-04,118.65569547,113.59270988,113.59270988,113.59270988,0,0
2025-03-05,113.59270988,116.59690172,116.59690172,116.59690172,0,0
2025-03-06,116.59690172,118.23405451,118.23405451,118.23405451,0,0
2025-03-07,118.23405451,117.4006548,117.4006548,117.4006548,0,0
2025-03-10,117.4006548,115.621857,115.621857,115.621857,0,0
2025-03-11,115.621857,115.41762466,115.41762466,115.41762466,0,0
2025-03-12,115.41762466,115.621857,115.621857,115.621857,0,0
2025-03-13,115.621857,116.7747815,116.7747815,116.7747815,0,0
2025-03-14,116.7747815,123.83726758,123.83726758,123.83726758,0,0
2025-03-17,123.83726758,125.25701175,125.25701175,125.25701175,0,0
2025-03-18,125.25701175,126.68004999,126.68004999,126.68004999,0,0
2025-03-19,126.68004999,130.79763749,130.79763749,130.79763749,0,0
2025-03-20,130.79763749,131.75950593,131.75950593,131.75950593,0,0
2025-03-21,131.75950593,122.539404,122.539404,122.539404,0,0
2025-03-24,122.539404,123.64621152,123.64621152,123.64621152,0,0
2025-03-25,123.64621152,121.74553313,121.74553313,121.74553313,0,0
2025-03-26,121.74553313,123.86032607,123.86032607,123.86032607,0,0
2025-03-27,123.86032607,127.3158055,127.3158055,127.3158055,0,0
2025-03-28,127.3158055,125.9981775,125.9981775,125.9981775,0,0
2025-03-31,125.9981775,123.4946843,123.4946843,123.4946843,0,0
2025-04-01,123.4946843,120.3982585,120.3982585,120.3982585,0,0
2025-04-02,120.3982585,118.7512235,118.7512235,118.7512235,0,0
2025-04-03,118.7512235,117.76629657,117.76629657,117.76629657,0,0
2025-04-07,117.76629657,105.98999632,105.98999632,105.98999632,0,0
2025-04-08,105.98999632,107.88408657,107.88408657,107.88408657,0,0
2025-04-09,107.88408657,106.9255122,106.9255122,106.9255122,0,0
2025-04-10,106.9255122,110.8125148,110.8125148,110.8125148,0,0
2025-04-11,110.8125148,116.93289686,116.93289686,116.93289686,0,0
2025-04-14,116.93289686,118.257113,118.257113,118.257113,0,0
2025-04-15,118.257113,118.57663779,118.57663779,118.57663779,0,0
2025-04-16,118.57663779,116.00067505,116.00067505,116.00067505,0,0
2025-04-17,116.00067505,115.18703976,115.18703976,115.18703976,0,0
2025-04-18,115.18703976,113.974822,113.974822,113.974822,0,0
2025-04-21,113.974822,114.88398532,114.88398532,114.88398532,0,0
2025-04-22,114.88398532,116.88677988,116.88677988,116.88677988,0,0
2025-04-23,116.88677988,122.53610993,122.53610993,122.53610993,0,0
2025-04-24,122.53610993,120.562962,120.562962,120.562962,0,0
2025-04-25,120.562962,122.15399781,122.15399781,122.15399781,0,0
2025-04-28,122.15399781,118.58652,118.58652,118.58652,0,0
2025-04-29,118.58652,116.939485,116.939485,116.939485,0,0
2025-04-30,116.939485,116.31031763,116.31031763,116.31031763,0,0
2025-05-06,116.31031763,118.57334372,118.57334372,118.57334372,0,0
2025-05-07,118.57334372,118.3229944,118.3229944,118.3229944,0,0
2025-05-08,118.3229944,118.34934696,118.34934696,118.34934696,0,0
2025-05-09,118.34934696,119.64721054,119.64721054,119.64721054,0,0
2025-05-12,119.64721054,121.97282396,121.97282396,121.97282396,0,0
2025-05-13,121.97282396,120.7276655,120.7276655,120.7276655,0,0
2025-05-14,120.7276655,122.9017517,122.9017517,122.9017517,0,0
2025-05-15,122.9017517,124.1205576,124.1205576,124.1205576,0,0
2025-05-16,124.1205576,128.19532219,128.19532219,128.19532219,0,0
2025-05-19,128.19532219,126.10029367,126.10029367,126.10029367,0,0
2025-05-20,126.10029367,130.0498836,130.0498836,130.0498836,0,0
2025-05-21,130.0498836,131.7628,131.7628,131.7628,0,0
2025-05-22,131.7628,131.3675116,131.3675116,131.3675116,0,0
2025-05-23,131.3675116,133.409835,133.409835,133.409835,0,0
2025-05-26,133.409835,125.504067,125.504067,125.504067,0,0
2025-05-27,125.504067,122.67446087,122.67446087,122.67446087,0,0
2025-05-28,122.67446087,119.53521216,119.53521216,119.53521216,0,0
2025-05-29,119.53521216,118.95874991,118.95874991,118.95874991,0,0
2025-05-30,118.95874991,116.0500861,116.0500861,116.0500861,0,0
2025-06-03,116.0500861,117.268892,117.268892,117.268892,0,0
2025-06-04,117.268892,118.75781164,118.75781164,118.75781164,0,0
2025-06-05,118.75781164,118.83357525,118.83357525,118.83357525,0,0
2025-06-06,118.83357525,118.57334372,118.57334372,118.57334372,0,0
2025-06-09,118.57334372,114.67975298,114.67975298,114.67975298,0,0
2025-06-10,114.67975298,116.32349391,116.32349391,116.32349391,0,0
2025-06-11,116.32349391,119.24203993,119.24203993,119.24203993,0,0
2025-06-12,119.24203993,116.35972868,116.35972868,116.35972868,0,0
2025-06-13,116.35972868,113.974822,113.974822,113.974822,0,0
2025-06-16,113.974822,113.45765301,113.45765301,113.45765301,0,0
2025-06-17,113.45765301,113.23036218,113.23036218,113.23036218,0,0
2025-06-18,113.23036218,114.28775865,114.28775865,114.28775865,0,0
2025-06-19,114.28775865,112.1630835,112.1630835,112.1630835,0,0
2025-06-20,112.1630835,112.08073175,112.08073175,112.08073175,0,0
2025-06-23,112.08073175,111.4054474,111.4054474,111.4054474,0,0
2025-06-24,111.4054474,113.11177566,113.11177566,113.11177566,0,0
2025-06-25,113.11177566,115.05198289,115.05198289,115.05198289,0,0
2025-06-26,115.05198289,111.15509808,111.15509808,111.15509808,0,0
2025-06-27,111.15509808,110.10099568,110.10099568,110.10099568,0,0
2025-06-30,110.10099568,109.33347737,109.33347737,109.33347737,0,0
2025-07-01,109.33347737,109.14571538,109.14571538,109.14571538,0,0
2025-07-02,109.14571538,108.92171862,108.92171862,108.92171862,0,0
2025-07-03,108.92171862,110.20640592,110.20640592,110.20640592,0,0
2025-07-04,110.20640592,109.033717,109.033717,109.033717,0,0
2025-07-07,109.033717,108.23984613,108.23984613,108.23984613,0,0
2025-07-08,108.23984613,107.67656016,107.67656016,107.67656016,0,0
2025-07-09,107.67656016,107.3208006,107.3208006,107.3208006,0,0
2025-07-10,107.3208006,105.81541061,105.81541061,105.81541061,0,0
2025-07-11,105.81541061,106.69822137,106.69822137,106.69822137,0,0
2025-07-14,106.69822137,104.91283543,104.91283543,104.91283543,0,0
2025-07-15,104.91283543,106.41493135,106.41493135,106.41493135,0,0
2025-07-16,106.41493135,106.63563404,106.63563404,106.63563404,0,0
2025-07-17,106.63563404,108.05208414,108.05208414,108.05208414,0,0
2025-07-18,108.05208414,108.41113777,108.41113777,108.41113777,0,0
2025-07-21,108.41113777,110.06146684,110.06146684,110.06146684,0,0
2025-07-22,110.06146684,112.55507783,112.55507783,112.55507783,0,0
2025-07-23,112.55507783,111.36262449,111.36262449,111.36262449,0,0
2025-07-24,111.36262449,112.89436704,112.89436704,112.89436704,0,0
2025-07-25,112.89436704,111.31650751,111.31650751,111.31650751,0,0
2025-07-28,111.31650751,111.010159,111.010159,111.010159,0,0
2025-07-29,111.010159,111.42,111.42,111.42,0,0
2025-07-30,111.42,108.7,108.7,108.7,0,0
2025-07-31,108.7,105.24,105.24,105.24,0,0
2025-08-01,105.24,105.8,105.8,105.8,0,0
2025-08-04,105.8,104.88,104.88,104.88,0,0
2025-08-05,104.88,104.86,104.86,104.86,0,0
2025-08-06,104.86,104.35,104.35,104.35,0,0
2025-08-07,104.35,105.33,105.33,105.33,0,0
2025-08-08,105.33,103.93,103.93,103.93,0,0
2025-08-11,103.93,105.52,105.52,105.52,0,0
2025-08-12,105.52,105.67,105.67,105.67,0,0
2025-08-13,105.67,106.83,106.83,106.83,0,0
2025-08-14,106.83,106.37,106.37,106.37,0,0
2025-08-15,106.37,106.07,106.07,106.07,0,0
2025-08-18,106.07,108.37,108.37,108.37,0,0
2025-08-19,108.37,107.63,107.63,107.63,0,0
2025-08-20,107.63,108.25,108.25,108.25,0,0
2025-08-21,108.25,107.1,107.1,107.1,0,0
2025-08-22,107.1,110.66,110.66,110.66,0,0
2025-08-25,110.66,111.61,111.61,111.61,0,0
2025-08-26,111.61,113.75,113.75,113.75,0,0
2025-08-27,113.75,110.68,110.68,110.68,0,0
2025-08-28,110.68,109.32,109.32,109.32,0,0
2025-08-29,109.32,114.06,114.06,114.06,0,0
2025-09-01,114.06,109.7,109.7,109.7,0,0
2025-09-02,109.7,110.02,110.02,110.02,0,0
2025-09-03,110.02,107.21,107.21,107.21,0,0
2025-09-04,107.21,104.0,104.0,104.0,0,0
2025-09-05,104.0,107.26,107.26,107.26,0,0
2025-09-08,107.26,106.25,106.25,106.25,0,0
2025-09-09,106.25,105.49,105.49,105.49,0,0
2025-09-10,105.49,105.2,105.2,105.2,0,0
2025-09-11,105.2,106.59,106.59,106.59,0,0
2025-09-12,106.59,105.91,105.91,105.91,0,0
2025-09-15,105.91,108.7,108.7,108.7,0,0
2025-09-16,108.7,107.8,107.8,107.8,0,0
2025-09-17,107.8,110.99,110.99,110.99,0,0
2025-09-18,110.99,109.71,109.71,109.71,0,0
2025-09-19,109.71,109.09,109.09,109.09,0,0
2025-09-22,109.09,107.99,107.99,107.99,0,0
2025-09-23,107.99,105.6,105.6,105.6,0,0
2025-09-24,105.6,105.71,105.71,105.71,0,0
2025-09-25,105.71,107.5,107.5,107.5,0,0
2025-09-26,107.5,107.29,107.29,107.29,0,0
2025-09-29,107.29,108.61,108.61,108.61,0,0
2025-09-30,108.61,109.21,109.21,109.21,0,0
2025-10-09,109.21,110.6,110.6,110.6,0,0
2025-10-10,110.6,107.79,107.79,107.79,0,0
2025-10-13,107.79,105.69,105.69,105.69,0,0
2025-10-14,105.69,105.99,105.99,105.99,0,0
2025-10-15,105.99,107.1,107.1,107.1,0,0
2025-10-16,107.1,106.96,106.96,106.96,0,0
2025-10-17,106.96,104.43,104.43,104.43,0,0
2025-10-20,104.43,104.52,104.52,104.52,0,0
2025-10-21,104.52,104.76,104.76,104.76,0,0
2025-10-22,104.76,103.78,103.78,103.78,0,0
2025-10-23,103.78,103.69,103.69,103.69,0,0
2025-10-24,103.69,103.76,103.76,103.76,0,0
2025-10-27,103.76,104.01,104.01,104.01,0,0
2025-10-28,104.01,103.72,103.72,103.72,0,0
2025-10-29,103.72,104.52,104.52,104.52,0,0
2025-10-30,104.52,103.61,103.61,103.61,0,0
2025-10-31,103.61,100.79,100.79,100.79,0,0
2025-11-03,100.79,99.6,99.6,99.6,0,0
2025-11-04,99.6,97.8,97.8,97.8,0,0
2025-11-05,97.8,95.8,95.8,95.8,0,0
2025-11-06,95.8,97.52,97.52,97.52,0,0
2025-11-07,97.52,97.2,97.2,97.2,0,0
2025-11-10,97.2,99.39,99.39,99.39,0,0
2025-11-11,99.39,98.71,98.71,98.71,0,0
2025-11-12,98.71,97.77,97.77,97.77,0,0
2025-11-13,97.77,99.83,99.83,99.83,0,0
2025-11-14,99.83,98.37,98.37,98.37,0,0
2025-11-17,98.37,98.08,98.08,98.08,0,0
2025-11-18,98.08,96.49,96.49,96.49,0,0
2025-11-19,96.49,95.17,95.17,95.17,0,0
2025-11-20,95.17,93.61,93.61,93.61,0,0
2025-11-21,93.61,92.7,92.7,92.7,0,0
2025-11-24,92.7,93.93,93.93,93.93,0,0
2025-11-25,93.93,93.91,93.91,93.91,0,0
2025-11-26,93.91,95.09,95.09,95.09,0,0
2025-11-27,95.09,94.29,94.29,94.29,0,0
2025-11-28,94.29,95.17,95.17,95.17,0,0
2025-12-01,95.17,95.77,95.77,95.77,0,0
2025-12-02,95.77,96.62,96.62,96.62,0,0
2025-12-03,96.62,95.05,95.05,95.05,0,0
2025-12-04,95.05,95.24,95.24,95.24,0,0
2025-12-05,95.24,95.98,95.98,95.98,0,0
2025-12-08,95.98,96.53,96.53,96.53,0,0
2025-12-09,96.53,96.03,96.03,96.03,0,0
2025-12-10,96.03,96.47,96.47,96.47,0,0
2025-12-11,96.47,96.23,96.23,96.23,0,0
2025-12-12,96.23,97.0,97.0,97.0,0,0
2025-12-15,97.0,95.53,95.53,95.53,0,0
2025-12-16,95.53,94.25,94.25,94.25,0,0
2025-12-17,94.25,95.21,95.21,95.21,0,0
2025-12-18,95.21,93.53,93.53,93.53,0,0
2025-12-19,93.53,94.23,94.23,94.23,0,0
2025-12-22,94.23,94.37,94.37,94.37,0,0
2025-12-23,94.37,94.81,94.81,94.81,0,0
2025-12-24,94.81,94.42,94.42,94.42,0,0
2025-12-25,94.42,94.84,94.84,94.84,0,0
2025-12-26,94.84,100.01,100.01,100.01,0,0
2025-12-29,100.01,100.21,100.21,100.21,0,0
2025-12-30,100.21,99.75,99.75,99.75,0,0
2025-12-31,99.75,97.72,97.72,97.72,0,0
2026-01-05,97.72,98.11,98.11,98.11,0,0
2026-01-06,98.11,99.99,99.99,99.99,0,0
2026-01-07,99.99,97.6,97.6,97.6,0,0
2026-01-08,97.6,96.88,96.88,96.88,0,0
2026-01-09,96.88,97.01,97.01,97.01,0,0
2026-01-12,97.01,97.47,97.47,97.47,0,0
2026-01-13,97.47,97.19,97.19,97.19,0,0
2026-01-14,97.19,96.1,96.1,96.1,0,0
2026-01-15,96.1,95.67,95.67,95.67,0,0
2026-01-16,95.67,95.86,95.86,95.86,0,0
2026-01-19,95.86,96.19,96.19,96.19,0,0
2026-01-20,96.19,94.74,94.74,94.74,0,0
2026-01-21,94.74,94.1,94.1,94.1,0,0
2026-01-22,94.1,94.12,94.12,94.12,0,0
2026-01-23,94.12,93.65,93.65,93.65,0,0
2026-01-26,93.65,92.63,92.63,92.63,0,0
2026-01-27,92.63,91.81,91.81,91.81,0,0
2026-01-28,91.81,93.34,93.34,93.34,0,0
2026-01-29,93.34,92.31,92.31,92.31,0,0
2026-01-30,92.31,90.89,90.89,90.89,0,0
2026-02-02,90.89,87.05,87.05,87.05,0,0
2026-02-03,87.05,87.37,87.37,87.37,0,0
2026-02-04,87.37,89.14,89.14,89.14,0,0
2026-02-05,89.14,90.11,90.11,90.11,0,0
2026-02-06,90.11,89.82,89.82,89.82,0,0
2026-02-09,89.82,90.06,90.06,90.06,0,0
2026-02-10,90.06,90.81,90.81,90.81,0,0
2026-02-11,90.81,92.28,92.28,92.28,0,0
2026-02-12,92.28,91.16,91.16,91.16,0,0
2026-02-13,91.16,90.27,90.27,90.27,0,0
2026-02-24,90.27,90.87,90.87,90.87,0,0
2026-02-25,90.87,91.45,91.45,91.45,0,0
2026-02-26,91.45,89.85,89.85,89.85,0,0
2026-02-27,89.85,89.32,89.32,89.32,0,0
2026-03-02,89.32,96.79,96.79,96.79,0,0
2026-03-03,96.79,95.21,95.21,95.21,0,0
2026-03-04,95.21,95.99,95.99,95.99,0,0
2026-03-05,95.99,94.47,94.47,94.47,0,0
2026-03-06,94.47,93.62,93.62,93.62,0,0
2026-03-09,93.62,97.52,97.52,97.52,0,0
2026-03-10,97.52,96.6,96.6,96.6,0,0
2026-03-11,96.6,99.22,99.22,99.22,0,0
2026-03-12,99.22,99.1,99.1,99.1,0,0
2026-03-13,99.1,99.67,99.67,99.67,0,0
2026-03-16,99.67,104.62,104.62,104.62,0,0
2026-03-17,104.62,102.87,102.87,102.87,0,0
2026-03-18,102.87,101.69,101.69,101.69,0,0
2026-03-19,101.69,102.31,102.31,102.31,0,0
2026-03-20,102.31,103.03,103.03,103.03,0,0
2026-03-23,103.03,107.63,107.63,107.63,0,0
2026-03-24,107.63,106.64,106.64,106.64,0,0
2026-03-25,106.64,106.6,106.6,106.6,0,0
2026-03-26,106.6,103.14,103.14,103.14,0,0
2026-03-27,103.14,105.3,105.3,105.3,0,0
2026-03-30,105.3,106.05,106.05,106.05,0,0
2026-03-31,106.05,105.25,105.25,105.25,0,0
2026-04-01,105.25,102.65,102.65,102.65,0,0
2026-04-02,102.65,101.65,101.65,101.65,0,0
2026-04-03,101.65,99.01,99.01,99.01,0,0
